index	text	gold
20	IBM to hire even more new workers By the end of the year, the computing giant plans to have its biggest headcount since 1991.	Sci/Tech
53	Vodafone hires Citi for Cesky bid (TheDeal.com) TheDeal.com - The U.K. mobile giant wants to find a way to disentagle the Czech wireless and fixed-line businesses.	Sci/Tech
568	EU to probe Microsoft-Time Warner buy The decision is a setback for the two companies and their plan to acquire ContentGuard, a digital rights management firm.	Sci/Tech
1142	Medicare Premiums to Rise Record 17 Pct. WASHINGTON - Medicare premiums for doctor visits are going up a record \$11.60 a month next year. The Bush administration says the increase reflects a strengthened Medicare, while Democrats complain that seniors are being unfairly socked...	World
1377	Groups Offers Beer for Blood Donations (AP) AP - Some in Michigan who roll up their sleeves to donate blood will get a racetrack T-shirt, hat and pin. Sponsors in San Diego have given away whale-watching trips. On Wednesday, the Cleveland Regional Transit Authority handed out vouchers for a pint of any beverage, including beer, in exchange for a pint of blood.	Sci/Tech
1840	Icing call Out of money, out of patience, out of time, and for the foreseeable future, out of business.	Sports
2113	IT companies put to the loyalty test Cisco, IBM, Microsoft and SAP have the most loyal customers in IT, according to a report released today. The fact that they are some of the biggest, most successful IT vendors in	Sci/Tech
2210	Microsoft CFO: Expect more acquisitions Microsoft may seek to become a more distributed company as it eyes future large acquisitions, CFO John Connors said yesterday.	Sci/Tech
2316	Chambers: Cisco, Fujitsu Team On Japan Networking; 2005 Product &lt;b&gt;...&lt;/b&gt; Land of the rising routers. Cisco Systems (nasdaq: CSCO - news - people ) and Fujitsu (otc: FJTSY - news - people ) will join forces to develop high-end routers for Internet networks in Japan.	Sci/Tech
2521	Soldiers' War Blogs Detail Life in Iraq Iraq war blogs are as varied as the soldiers who write them. Some sites feature practical news, war pictures and advice. Some are overtly political, with more slanting to the right than to the left. Some question the war, some cheer it.	Sci/Tech
2879	Opportunity Rings (Forbes.com) Forbes.com - This past summer 25,000 consumers, aged 18 to 24, received short text messages on their cell phones alerting them to numbers on 225 million bottle caps of Snapple iced tea, pink lemonade and the like. People holding a winning number, announced by text message and traditional media, landed overseas trips and walk-on parts on TV shows.	Sci/Tech
3089	PeopleSoft ousts CEO, still opposes Oracle bid (USATODAY.com) USATODAY.com - PeopleSoft's board might have finally blinked. The business-software maker, facing a 16-month takeover siege from rival Oracle, has canned the CEO who bitterly opposed the deal and lost crucial regulatory support in its bid to stay independent.	Sci/Tech
3110	Ballmer: Microsoft is listening to customers Microsoft chief executive Steve Ballmer says the software giant is listening to customers, and wants to make the company and its employees more accountable for delivering on its plans.	Sci/Tech
3116	OPM Delving Deeper Into Employees #39; Backgrounds which sets hiring and employment standards for the government -- is reviewing its employees to ensure that they are suitable for jobs involving the quot;public trust.	Sci/Tech
3133	Halliburton Set for Spotlight in VP Debates (Reuters) Reuters - A name likely to come up in\Tuesday's vice presidential debate is Halliburton, the Texas\company once run by Dick Cheney that Democrats say is an\example of cronyism because of its lucrative Iraq deals.	World
3718	'Sherlock' Is Bicycling Across Australia PERTH, Australia - A former British soccer player raising money for a leukemia charity set off Wednesday on a coast-to-coast ride across Australia on a Victorian-era bicycle that is older than the country. Leukemia survivor Lloyd Scott dressed up as fictional British supersleuth Sherlock Holmes, complete with tweed coat, deerstalker hat and a fake mustache for the 2,700-mile trip from Perth to Sydney...	World
4319	Avis blames IT for multimillion-dollar loss The car rental company takes a major hit because of problems with IT, including high costs associated with an ERP project.	Sci/Tech
5102	RAP OVER DANGER DRUG BAN A PAINKILLER for arthritis sufferers should have been banned four years ago, experts said yesterday. Vioxx, used by 400,000 Brits, was taken off the market by its US makers last month due to potentially deadly side-effects.	Business
5167	Verizon Wireless Buys NextWave Licenses (NewsFactor) NewsFactor - Verizon Wireless is adding to its considerable spectrum holdings with the proposed acquisition of airwaves owned by NextWave Telecom. Under terms of the agreement, Verizon will pay US #36;3 billion for NextWave's PCS spectrum licenses in 23 U.S. markets.	Sci/Tech
5293	Flat-screen TV But the booming demand isn #39;t proving profitable for the companies that make the high-resolution video panels. For electronics retailers, it will be the holiday season of the flat-screen TV.	Sci/Tech
5312	Microsoft Makes Another Antitrust Deal Software giant settles with Novell and the CCIA, ending years of legal wrangling.	Sci/Tech
5367	AMD et Chartered signent des contrats d #39;approvisionnement et de &lt;b&gt;...&lt;/b&gt; SUNNYVALE, Calif. and SINGAPORE--(BUSINESS WIRE)9 Novembre 2004--Chartered adopte la fabrication de prcision automatise d #39;AMD et prvoit de fabriquer des processeurs AMD64 en 2006.	Sci/Tech
5622	AOL Dumping Some Broadband unsupported writes quot;Just days after news that AOL will be breaking up into 4 business units, AOL is telling existing broadband customers in 9 Southern states to find a new carrier.	Sci/Tech
5683	Final Round in Cable-ISP Fight The U.S. Supreme Court has agreed to hear whether cable operators must give access to their lines to third-party ISPs. Michael Grebb reports from Washington.	Sci/Tech
5767	Smart phones to make up 16 of market LONDON-A new study shows that the market for smart phones will continue to increase during the next several years, with global shipments growing from 14.	Sci/Tech
5845	Oil Company on Trial in Madagascar Over Pollution (Reuters) Reuters - The operator of Madagascar's\privatized oil refinery went on trial on Tuesday, accused of\polluting the environment around the Indian Ocean island's main\international port, officials said.	Sci/Tech
5892	We have to learn to be patient on Indian pitches: Smith (AFP) AFP - South African skipper Graeme Smith said his team had to learn to be patient on slow pitches if they hoped to do well in an upcoming two-Test series against India.	World
5941	Cricket: NZ suffer Franklin blow New Zealand bowler James Franklin misses the first Test against Australia with injury.	World
6063	McCain again opposes the president Global warming needs more attention, according to John McCain, and President Bush needs to lead the way. I listened to some of the hearings on this subject this week, and I must say the people testifying are	Sci/Tech
6219	Top exec shares business lessons Jeff Raikes was working at Apple Computer in the early 1980s when a guy named Steve Ballmer called and asked him to interview for a product-management job at a small software outfit in the Seattle area.	Sci/Tech
6240	Microsoft and Dell Get Air Force Pact Microsoft Corp. on Friday said that together with Dell Inc. it will provide the Air Force with software and related support services to simplify the acquisition process in an agreement worth up to \$500 million over six years.	Sci/Tech
6262	Google Founders Selling Off Stock Google Founders Selling Off Stock\\Is this a sign that Google stack is overpriced? Or does it just mean that since there is so much interest in Google and its shares right now that the founders decided to sell off a big part of their holdings with the search engine. Dow ...	Sci/Tech
6280	Alamosa Offers to Buy AirGate (Reuters) Reuters - Alamosa Holdings Inc. said\on Monday it made an unsolicited bid for AirGate PCS Inc.\ worth about #36;380 million, which would create one of\the largest sellers of wireless telephone service under the\Sprint brand.	Sci/Tech
6491	It may be end of line for narrow track Hurricane forecasters debate the usefulness of the quot;skinny line quot; in tracking maps, and look at more accurate alternatives.	Business
6599	Sun acquisition to boost IT services portfolio Sun Microsystemshas agreed to purchase Ashburn, Virginia, IT services company SevenSpace, the companies announced Monday. With the purchase, Sun takes a further step away from its traditional focus on supporting only its Solaris operating system platform and beefs up its support for competing operating systems like Windows, HP-UX and AIX.	Sci/Tech
6756	Internet pioneer closes Manitoba pharmacy; blames dollar, uncertain climate (Canadian Press) Canadian Press - WINNIPEG (CP) - Just one year ago, Mark Rzepka was opening a #36;1-million Internet pharmacy in the small Manitoba town of Niverville believing he would be able to quadruple his staff within 12 months.	World
6764	Internet Pharmacies: Good or Bad? An investigation into the practice of Internet Pharmacies and how they are changing the U.S. pharmaceutical industry.	Sci/Tech
6765	AOL Updates Audio Video Search SingingFish AOL Updates Audio Video Search SingingFish\\Rumors are floating that market leaders Google along with Yahoo! and Microsoft (MSN) are working on an improved multimedia searching capabilities. AOL entered into the field with their acquisition of Singingfish Inc. around a year ago.\\Singingfish Inc. would be today announcing their updated services to ...	Sci/Tech
6821	Four Infineon executives plead guilty Four Infineon executives pled guilty for price fixing computer memory chips and will face a prison sentence of four to six months along with \$250,000 in fines, reported the US Department of Justice on Thursday.	Sci/Tech
6919	Court Hears Interstate Wine Sales Case (AP) AP - The Supreme Court considered Tuesday whether state alcoholic beverage regulations put in place 70 years ago, after Prohibition was lifted, should remain the law of the land in the Internet age.	World
11	Apple Launches Graphics Software, Video Bundle LOS ANGELES (Reuters) - Apple Computer Inc.&lt;AAPL.O&gt; on Tuesday began shipping a new program designed to let users create real-time motion graphics and unveiled a discount video-editing software bundle featuring its flagship Final Cut Pro software.	Sci/Tech
262	Ecuadorean Lawsuit Vs Texaco Boils Down to Science (Reuters) Reuters - After a decade\of court battles, lawyers on Wednesday took a lawsuit by\Ecuadorean Indians accusing U.S. oil firm ChevronTexaco Corp..\of polluting the Amazon jungle into the field.	Sci/Tech
263	Priceline, Ramada to Make Sites More Accessible to Blind In one of the first enforcement actions of the Americans with Disabilities Act on the Internet, two major travel services have agreed to make sites more accessible to the blind and visually impaired.	Sci/Tech
307	Service packs, senators and civil liberties &lt;strong&gt;Letters:&lt;/strong&gt; The bulging postbag gives up its secrets	Sci/Tech
375	Agency reports climate change major problem Rising sea levels, disappearing glaciers in the Alps and more deadly heat waves are coming for Europeans because of global warming, Europes environmental agency warned Wednesday.	Sci/Tech
397	Wiretapping on the Net: Who pays? NEW YORK At first glance, it might seem like the simple extension of a standard tool in the fight against the bad guys. But in fact, wiretapping Internet phones to monitor criminals and terrorists is costly	Sci/Tech
435	Does Nick Carr matter? Strategybusiness concludes that a controversial new book on the strategic value of information technology is flawed--but correct.\	Sci/Tech
446	E-commerce still booming Online retail sales continue to show significant growth, according to the latest figures released by the US Department of Commerce.	Sci/Tech
467	Deal has S2io champing at the gigabit OTTAWA -- A local firm that says it can help shrink backup times at large data centres is growing its business thanks to an alliance with Sun Microsystems Inc.	Business
532	Cisco and Microsoft Partner for CRM 8/24/2004 -- Cisco Systems yesterday announced a new Customer Relationship Management (CRM) Communications Connector for Microsofts CRM offering.	Sci/Tech
541	Kerry Pledges to Create Higher-Paying Jobs (AP) AP - John Kerry headed to closely divided Pennsylvania and Wisconsin to tell voters he could produce better, higher-paying jobs from the White House than President Bush has.	World
558	Study: Apple, Dell lead PC customer satisfaction index The PC industry is doing a better job this year of satisfying its U.S. customers, and better technical support and easier-to-use hardware seem to have made a difference, according to the American Customer Satisfaction Index.	Sci/Tech
596	Microsoft expands mainframe pitch Company is upgrading current support and service program to draw more mainframe customers.	Sci/Tech
655	Japan Won't Have U.S. Beef Anytime Soon (Reuters) Reuters - Japan's lucrative market for U.S.\beef, ruptured by mad cow disease worries, is likely to remain\closed for the rest of this year, U.S. meat industry officials\said on Thursday.	World
680	Govt. to Test New Air Passenger Screening Program The US government unveiled plans on Thursday for a revised computer-based program using personal information to identify airline passengers who may pose a threat to air travel.	Sci/Tech
747	Argentina Beats U.S. Men's Basketball Team Argentina defeated the United States team of National Basketball Association stars 89-81 here Friday in the Olympic semi-finals, dethroning the three-time defending champions.	World
796	The Hunt for a Hybrid The Aug. 23 front-page article on the Toyota Prius vs. the Honda Civic implied that the main reason people prefer the Prius was its quot;geek-chic look quot; and the image buyers want.	Business
941	IT seeing steady but slow growth: Forrester projects 7 percent &lt;b&gt;...&lt;/b&gt; Tech companies waiting for a big resurgence in spending on computer hardware, software, networks and staff better plan to wait about four more years, Forrester Research projected yesterday.	Sci/Tech
967	Maddux Wins No. 302, Baker Wins No. 1,000 Greg Maddux pitched the Chicago Cubs into the lead in the NL wild-card race and gave Dusty Baker a win to remember. Maddux threw seven shutout innings for his 302nd career win, Baker got his 1,000th victory as a manager and Chicago beat the Montreal Expos 5-2 on Monday night...	World
976	Japanese electronics giants in LCD joint venture Hitachi, Toshiba and Matsushita Electric have formed a joint venture to manufacture large liquid-crystal displays for flat-screen televisions, escalating competition for a piece of the digital living room.	Sci/Tech
1036	Samsung Says It Will Expand Chip Factories The Samsung Electronics Company, the Korean electronics giant, said Monday that it would invest \$23.7 billion in new chip production lines over the next six years.	Business
1051	Software Service Aims to Outfox Caller ID A new computerized service enables customers to create phony outbound phone numbers in order to mask their telephone identities.	Business
1509	Oracle case bounces to Europe The European Commission is studying the U.S. court decision favoring Oracle's PeopleSoft buyout and deciding whether to pursue its own objections.	Sci/Tech
1633	Training is the Key to Defibrillator Success By DANIEL YEE ALPHARETTA, Ga. (AP) -- Because defibrillators are more affordable than ever, they are quickly becoming commonplace in schools, businesses and other public places such as airports...	Sci/Tech
1798	GM Plans to Use Woods More Creatively (AP) AP - General Motors Corp. is thrilled that Tiger Woods will promote Buick for the next five years, but GM chairman Rick Wagoner says the automaker could make better use of the world's best-known golfer.	Sports
1831	"Shareholders Approve Aether Changeover Shareholders approved Aether Systems Inc.'s sale of one of its two remaining operating divisions Wednesday, a deal that will take the Owings Mills company out of the wireless business and nearly complete its transformation into a mortgage investment fund.&lt;BR&gt;\&lt;FONT face=""verdana,MS Sans Serif,arial,helvetica"" size=""-2""\ color=""#666666""&gt;&lt;B&gt;-The Washington Post&lt;/B&gt;&lt;/FONT&gt;"	Sci/Tech
1869	Ford to Return Electric Cars to Norway (AP) AP - Ford Motor Co. agreed to return about 300 Norwegian-built electric cars to the Nordic country after protests about plans to scrap them, the country's transport minister said Thursday.	World
1885	Corning begins work on Taiwan LCD facility Demand for flat-panel devices means that the time is ripe for factories to churn out more glass.	Sci/Tech
1988	FTC Endorses Bounty for Spammers The US Federal Trade Commission has given its endorsement to a plan that would reward insiders for information leading to the arrest and conviction of people or companies that produce spam.	Sci/Tech
2005	Thanks for the Pageviews, Ivan Bad weather has been very good for business at Weather.com and other popular forecasting sites. They are posting record traffic in the wake of Hurricane Ivan's arrival on the mainland. By Joanna Glasner.	Business
2105	Malaysia expects to resume poultry exports to Singapore soon By Channel NewsAsia #39;s Malaysia Correspondent Melissa Goh. KUALA LUMPUR : Malaysia expects to resume export of poultry and eggs from two states to Singapore by the end of this month but only after meeting conditions set by the island.	World
2231	Flick Collection Opens in Berlin Friedrich Flick, who made his fortune as an arms supplier to the Nazis during World War II, once presented old master paintings to Luftwaffe Commander-in-Chief Hermann Gring as a birthday gift.	World
2255	Number of Kids on Antidepressants Drops Dramatically NEW YORK (AP) -- The number of children taking antidepressants has dropped dramatically since the Food and Drug Administration cautioned that the drugs can provoke suicidal behavior, according to a study. Pharmacy benefit manager Medco Health Solutions found that the number of children taking antidepressants fell 18 percent in the first quarter and an additional 5 percent in the second quarter...	Sci/Tech
2274	Tracking Service Aims to Ease Product Returns (Ziff Davis) Ziff Davis - A Texas company tries to take a little bit of the sting out of the biggest online retail nightmare: returns.	Sci/Tech
2282	AT T Builds VoIP Alliance (NewsFactor) NewsFactor - With its Internet-based phone service well established, AT T (NYSE: T) now is \focusing on establishing common ground among the broad array of technology\providers that help the operator deliver VoIP to businesses and\consumers.	Sci/Tech
2323	Brits to lose 12 current of IT jobs by 2010 New report on offshoring's implications from the British Computer Society.	Sci/Tech
2435	Airbus drops out of Microsoft appeal Aircraft builder withdraws its request to intervene in Microsoft's antitrust appeal; Boeing also forgoes intervention.	Sci/Tech
2850	"Net firms: Don't tax VoIP The Spanish-American War is over and a ""temporary"" tax created to pay for it should not be extended to Internet phone calls, industry groups tell the IRS"	Sci/Tech
2948	U.S. cybersecurity chief resigns Amit Yoran leaves the Department of Homeland Security a little over a year after joining.	Sci/Tech
2971	Arthritis Drug Vioxx Pulled Off Market Sept. 30, 2004 -- Long-term use of the painkiller Vioxx doubles a person #39;s risk of heart attack and stroke, a huge clinical trial shows.	Business
2976	Bangkok animal trade talks open The rules controlling the trade in many at-risk wildlife species may change at a Bangkok meeting starting on Saturday. The 166 member states of the Convention on International Trade in Endangered Species of	World
3008	G7 fails to reach debt deal Hopes of a deal to write off completely the debts of some of the world #39;s poorest countries were dashed after the Group of Seven rich nations club failed to reach agreement.	Business
3141	It #39;s Time for Tech Firms to Bet on Growth Industry leaders have been offering too few innovations and too many marginal upgradesat not-so-marginal prices. There #39;s a joke going around that our lives have become so boring that we #39;ve taken up watching people play cards on TV.	Sci/Tech
3282	Qatar Defense Show Focuses on Videogame Technology DOHA (Reuters) - Rick Bracewell is driving through Baghdad when gunmen open fire. Then a nearby dead dog strapped with explosives blows up and his vehicle goes up in flames.	Sci/Tech
3394	Music firms reach out to creator of Napster LOS ANGELES As a teenager, Shawn Fanning brought free music to the masses, creating the Napster file-swapping program and unleashing a technological genie that granted the wishes of fans seeking virtually any song at any time - gratis.	Sci/Tech
3655	"Prosecutors Say Ebbers Lied to Obtain Loans Court documents show federal prosecutors have told lawyers for former WorldCom Inc. chief executive Bernard J. Ebbers that they plan to argue he lied about the telecommunications giant's financial condition in order to get personal loans. &lt;FONT face=""verdana,MS Sans Serif,arial,helvetica"" size=""-2""\ color=""#666666""&gt;&lt;B&gt;-The Washington Post&lt;/B&gt;&lt;/FONT&gt;"	Sci/Tech
3757	"IPod Helps Lift Apple's Fourth-Quarter Profit The iPod helped Apple's profit get up and dance. Apple Computer Inc. reported Wednesday that net income for its fourth fiscal quarter jumped 140 percent from the same period a year ago. &lt;BR&gt;&lt;FONT face=""verdana,MS Sans Serif,arial,helvetica"" size=""-2""\ color=""#666666""&gt;&lt;B&gt;-The Washington Post&lt;/B&gt;&lt;/FONT&gt;"	Sci/Tech
3797	Transport strike hits Netherlands Public transport grinds to a halt in the Netherlands as workers strike against the government's planned welfare cuts.	Business
3818	How an L.A. city department fought off user resistance An administrator with the Los Angeles municipal government explains how his department was able to turn user resistance from the police and fire departments among others into an \$11 million purchasing and accounts payable system.	Sci/Tech
4048	South Korea to Pick Country's First 2 Astronauts (Reuters) Reuters - South Korea will pick its first two\astronauts next year for a space trip by 2007, the science\ministry said Sunday, after Russia agreed to help the country's\space program.	Sci/Tech
4270	Cisco #39;s Perfigo Acquisition Delivers Policy Compliance To Channel In a move that targets the increased threats of worms and viruses to networked businesses, Cisco Systems Thursday said it will acquire privately owned endpoint compliance vendor Perfigo in a deal worth approximately \$74 million.	Sci/Tech
4331	Campaign Spending on Rise in House Races (AP) AP - Ground zero for the country's costliest House race is Dallas, where two congressmen shoehorned into the same new district have each raised #36;4.1 million #151; and counting #151; to bash each other with television ads and sophisticated mailings.	World
4689	Yahoo Debuts Mobile Search SAN FRANCISCO -- Yahoo (Quote, Chart) expanded its search empire to the mobile arena with the launch of some additional services. The company was one of the original content providers for mobile devices running	Business
4912	Cast-aside candidates grab onto Sox coattails By Raphael Lewis and Benjamin Gedan, Globe Staff and Globe Correspondent October 31, 2004. Republican state Senate candidate Rod Jane of Westborough woke up yesterday with a plan to grab some attention from	Sports
5106	Vioxx Should Have Been Recalled In 2000 Merck amp; Co Inc. should have pulled the arthritis drug Vioxx off the market in 2000, because there was enough evidence that showed it was associated with an increased heart attack risk, according to researchers.	Business
5260	"Remote Control Could Save Soldiers' Lives (AP) AP - Unmanned aerial vehicles and other so-called ""stand-off"" weapons, whether currently used or in secret testing, belong to a developing high-tech arsenal that the U.S. military says will help minimize casualties as it battles insurgents."	Sci/Tech
5322	Cellphones outstrip landlines in India (AFP) AFP - Mobile phone users have outstripped traditional landline connections in India, the government announced.	Sci/Tech
5324	Conversion Rates Between PPC (Paid) and Organic (Free) Results Conversion Rates Between PPC (Paid) and Organic (Free) Results\\In a thread over at Cre8asite Forums named Organic vs Paid traffic ROI?, there is a discussion going on about the different conversion rates and ROI seen between the pay per click traffic (paid traffic) and organic traffic (free traffic). I have ...	Sci/Tech
5328	IBM #39;s Blue Gene/L goes on sale quot;IBM plans to announce on Monday that the Blue Gene will be available immediately with a starting price of \$1.5 million. quot;.	Sci/Tech
5479	Halo 2 scores record sales of \$125 million in first 24 hours Halo 2 broke entertainment retail records in its first 24 hours. Microsoft Game Studios said that the video game sold through 2.4 million stores in the US and Canada raking in \$125 million in sales.	Business
5485	"News: Banks prepare for ATM cyber crime An industry and law enforcement group hopes to prevent Windows XP-based cash machines from inspiring ""the next wave of ATM crime.""\"	Sci/Tech
5703	Activists Want Divestment From Sudan (AP) AP - Black activists and religious groups are pressing public pension funds to divest a purported #36;91 billion in holdings of companies operating in oil-rich Sudan.	World
5875	Novell NetWare users get Microsofts Offer With Novell concentrating on Linux more and more, many NetWare consumers might be facing dilemmas on where to move on for future needs.	Sci/Tech
5885	Doesn't matter to me if health care is privately delivered:Alta's Klein (Canadian Press) Canadian Press - EDMONTON (CP) - Alberta Premier Ralph Klein acknowledged Tuesday that he personally doesn't have a problem with private delivery of health-care services.	World
5896	"Google Stock Slips as New Shares Hit Market Google Inc. stock dropped more than 6 percent Tuesday as tens of millions of new shares held by early investors and employees of the search engine giant became available for sale for the first time..&lt;br&gt;&lt;FONT face=""verdana,MS Sans Serif,arial,helvetica"" size=""-2"" color=""#666666""&gt;&lt;B&gt;-The Washington Post&lt;/B&gt;&lt;/FONT&gt;"	Sci/Tech
5937	TV's Passport Stamp of Approval The sixth season of a popular reality television show is ready to rock the world.	Business
6028	Suspect Animal Tested for Mad Cow Disease WASHINGTON (Reuters) - Government scientists are chasing a possible new case of mad cow disease in the United States, with final results on a suspicious slaughtered animal expected in coming days, officials said on Thursday.	Business
6080	Lab used by LAPD falsified DNA data and possibly dozens -- of pending criminal cases to determine whether critical evidence was tainted or falsified during	Sci/Tech
6110	Tacoma weathers ERP and CRM 'perfect storm' Problems with a \$50 million-plus rollout of SAP's ERP, CRM and other business apps in the city of Tacoma, Wash., have generated a storm of end-user complaints, bad press and a call for an independent audit of the situation.	Sci/Tech
6218	Blunkett gets tougher on drugs New police powers to prosecute offenders for possession if they test positive for drugs when they are arrested, even if the only drugs they have are in their bloodstream, are to be announced this week.	World
6221	APEC Leaders Vow to Scrap Trade Barriers Pacific Rim leaders pledged Sunday to shore up global security and push ahead with the World Trade Organization's negotiations on lowering global trade barriers.	World
6474	Apple enhances UK online shopping The store adds such features as details of an expected dispatch date it the point where shoppers select a product. For example the Power Mac G5 Dual 2.5GHz is quot;usually dispatched 1 - 3 Weeks	Sci/Tech
6753	Sun And Microsoft Call A Truce The longtime rivals claim that they #39;ll work harder to make their software work together. By Aaron Ricadela. Longtime rivals Microsoft and Sun Microsystems have made a quot;180-degree U-turn quot; in their relationship	Sci/Tech
6813	NY School Bus Driver Fired Over Stem Cell Talk (Reuters) Reuters - A school bus driver who chatted about\stem cell research with her pupils was fired for inappropriate\behavior, a local newspaper said on Thursday.	Sci/Tech
6823	Health Care Technology Is a Promise Unfinanced While the Bush administration's words of support for a high-technology future for health care have been plentiful, the dollars, it seems, are scarce.	Sci/Tech
7073	It's Inauguration Time Again, and Access Still Has Its Price President Bush's inaugural committee, seeking to raise more than \$40 million, a record, sent out hundreds of solicitations.	World
7081	Japan's comics retool the art Animation in America once meant Mickey Mouse and Winnie the Pooh. These days, it's just as likely to mean Japanese fighting cyborgs, doe-eyed schoolgirls, and sinister monsters -- thanks in large part to people like John Ledford.	Business
7163	German court rules out Barbie monopoly (AFP) AFP - Germany's federal court of justice ruled against giving Barbie a monopoly in the themed doll market, saying that a German rival called Steffi Love had every right to compete with her.	World
7202	Disney takes sides in battle for next generation DVD Hollywood movie powerhouse Walt Disney has taken sides with Japans Sony Corp in a bitter battle between studios to define a technical standard for next generation DVDs, it said.	Sci/Tech
7206	NASA Chief Applies for Job at LSU (AP) AP - NASA Administrator Sean O'Keefe will resign this week, a government official said Sunday, and a spokesman for Louisiana State University said O'Keefe is a leading candidate to become a chancellor there.	Sci/Tech
7426	"R.I.P. Gary Webb -- Unembedded Reporter The finest journalist ever to get fired for telling the truth is dead at age 49. The official cause of death on the death certificate will be suicide. But, as we shall see, he had much help getting to that point. The story of the life and death of Gary Webb says much about the state of American politics and what passes as ""journalism"" in today's America."	Sci/Tech
7471	Iceland Offers Shelter to Fugitive Chess Player Fugitive chess master Bobby Fischer has been offered a new home in Iceland, where he won a classic victory in 1972, but it is unclear whether he will be able to make the move from his detention in Japan.	World
6	"Loosing the War on Terrorism \\""Sven Jaschan, self-confessed author of the Netsky and Sasser viruses, is\responsible for 70 percent of virus infections in 2004, according to a six-month\virus roundup published Wednesday by antivirus company Sophos.""\\""The 18-year-old Jaschan was taken into custody in Germany in May by police who\said he had admitted programming both the Netsky and Sasser worms, something\experts at Microsoft confirmed. (A Microsoft antivirus reward program led to the\teenager's arrest.) During the five months preceding Jaschan's capture, there\were at least 25 variants of Netsky and one of the port-scanning network worm\Sasser.""\\""Graham Cluley, senior technology consultant at Sophos, said it was staggeri ...\\"	Sci/Tech
13	Super ant colony hits Australia A giant 100km colony of ants which has been discovered in Melbourne, Australia, could threaten local insect species.	Sci/Tech
33	Man Sought #36;50M From McGreevey, Aides Say (AP) AP - The man who claims Gov. James E. McGreevey sexually harassed him was pushing for a cash settlement of up to #36;50 million before the governor decided to announce that he was gay and had an extramarital affair, sources told The Associated Press.	World
175	Immigrants settled in big cities, but less likely to find work: StatsCan (Canadian Press) Canadian Press - OTTAWA (CP) - Most of the nearly two million immigrants who arrived in Canada during the 1990s settled in one of the country's 27 census metropolitan areas, but still found it harder to find work than natural-born citizens, Statistics Canada reported Wednesday.	World
293	Swap Your PC, or Your President The producer of ads featuring PC users who switched to Macs is applying the same tactic to political commercials. This time, he'll focus on former backers of President Bush, recruited online, who've changed their political allegiance. By Louise Witt.	Sci/Tech
454	Partnership Connects Wi-Fi Users In The Sky Wi-Fi is going sky-high thanks to a deal forged between enterprise Internet service provider iPass and Connexion by Boeing. Under the deal, iPass #39;s 528,000-plus Wi-Fi enterprise customers will	Sci/Tech
4	Calif. Aims to Limit Farm-Related Smog (AP) AP - Southern California's smog-fighting agency went after emissions of the bovine variety Friday, adopting the nation's first rules to reduce air pollution from dairy cow manure.	Sci/Tech
21	Sun's Looking Glass Provides 3D View Developers get early code for new operating system 'skin' still being crafted.	Sci/Tech
30	They've caught his eye In quot;helping themselves, quot; Ricky Bryant, Chas Gessner, Michael Jennings, and David Patten did nothing Friday night to make Bill Belichick's decision on what to do with his receivers any easier.	Sports
59	Dollar Rises Vs Euro on Asset Flows Data NEW YORK (Reuters) - The dollar extended gains against the euro on Monday after a report on flows into U.S. assets showed enough of a rise in foreign investments to offset the current account gap for the month.	Business
64	"UN launches 210-million-dollar appeal for flood-hit Bangladesh (AFP) AFP - The United Nations launched an appeal here for 210 million dollars to help flood victims facing ""grave"" food shortages after two-thirds of Bangladesh was submerged, destroying crops and killing more than 700 people."	World
100	Olympic history for India, UAE An Indian army major shot his way to his country #39;s first ever individual Olympic silver medal on Tuesday, while in the same event an member of Dubai #39;s ruling family became the first ever medallist from the United Arab Emirates.	Sports
126	Security scare as intruder dives in A CANADIAN husband #39;s love for his wife has led to a tightening of security at all Olympic venues in Athens.	Sports
165	UPDATE: China Mobile 1H Net Up 7.8 On Subscriber Growth HONG KONG (Dow Jones)--China Mobile (Hong Kong) Ltd. (CHL), the listed unit of China #39;s biggest cellular phone operator, posted Wednesday a 7.8 rise in first-half net profit on a 23 increase in its subscriber base.	Business
179	Dutch cyclist defends Olympic gold AMSTERDAM Cyclist Leontien Zijlaard-Van Moorsel won the first gold medal for the Netherlands at the Athens Olympic Games on Wednesday.	Sports
211	Putin faults Georgia on #39;90s tactics in 2 regions TBILISI, Georgia The separatist conflicts in Georgia resulted from the quot;foolish quot; move by Georgia to strip South Ossetia and Abkhazia of their autonomous status during the Soviet collapse, President Vladimir Putin of Russia was quoted as saying on ...	World
224	Credit Suisse to merge CSFB unit into parent Credit Suisse Group announced plans to merge its Credit Suisse First Boston Securities unit with the rest of the company #39;s operations and cut as many as 300 jobs.	Business
251	SA 'mercenaries' plead not guilty Sixty-six men accused of plotting a coup in Equatorial Guinea deny breaching Zimbabwe's security laws.	World
266	Carly Patterson Wins the Women's All-Round ATHENS (Reuters) - Carly Patterson upstaged Russian diva Svetlana Khorkina to become the first American in 20 years to seize the women's Olympic gymnastics all-round gold medal on Thursday.	Sports
269	Colts' Carthon Hopes to Follow Dad in NFL (AP) AP - Ran Carthon tried to avoid playing football after seeing the pain it inflicted on his father, Maurice. Bloodlines, his friends and reality forced a changed of heart.	Sports
271	Georgian Troops Leave South Ossetia The soldiers withdrew from the heights above the Ossetian of capital of Tskhinvali Thursday, turning the area over to peacekeepers. Georgia says three of its soldiers were killed in earlier fighting, while Ossetian authorities say three civilians died ...	World
366	Emmons loses gold medal after aiming at wrong target American shooter Matt Emmons fired at the wrong target on his final shot Sunday, blowing a commanding lead in the Olympic 50-meter three-position rifle event and allowing Jia Zhanbo of China to take the gold.	Sports
387	Exhausted Massu Outlasts Fish for Gold ATHENS (Reuters) - An exhausted Nicolas Massu reeled in Mardy Fish in five tortuous sets on Sunday to win Chile their second gold medal at an Olympic Games less than 24 hours after helping them to their first.	Sports
398	Red Sox Rally to Beat White Sox 6-5 (AP) AP - Manny Ramirez and David Ortiz homered on consecutive pitches to start the eighth inning Sunday night and the streaking Boston Red Sox beat the Chicago White Sox 6-5 for their sixth straight win.	Sports
427	Rules for Overtime Pay To Take Effect Monday Employers and workers are confused by eligibility and classification of the new regulations.	Business
459	Philippine President Says Country Faces Fiscal Crisis Philippine president Gloria Arroyo warned that her country is in the midst of a fiscal crisis. A report by economists at the University of the Philippines said the country faces economic collapse	Business
475	SAP Gets \$35 Million Post Office Pact SAP has landed a \$35 million deal to help the US Postal Service overhaul its human resources systems. According to sources close to the deal, the agreement includes a \$21 million consulting component, and	Sci/Tech
491	Marathoning mice could have Olympian effects on obesity A molecular switch known to regulate fat metabolism appears to prevent obesity and turns laboratory mice into marathon runners, a Salk Institute study has found.	Sci/Tech
497	Serb denies siege terror charges A Bosnian Serb general accused of organising the siege of Sarajevo pleads not guilty to war crimes charges.	World
499	No IE? No Can See One thing that #39;s always irritated those who don #39;t choose to use Internet Explorer is finding a website that requires IE. Such complaints seem to have grown all the more passionate now security concerns are driving more users to consider IE alternatives.	Sci/Tech
513	Straw: No British troops to Darfur British Foreign Minister Jack Straw said his country does not plan to deploy forces to Darfur in western Sudan but will provide technical assistance.	World
538	Gardner Loses Quest for Repeat Wrestling Gold US heavyweight Rulon Gardner lost his Olympic title Wednesday after being beaten in the semi-final stage of the 120kg Greco-Roman wrestling event by Georgiy Tsurtsumia of Kazakhstan.	Sports
543	EPA: U.S. Waterways Contain Polluted Fish (AP) AP - One of every three lakes in the United States, and nearly one-quarter of the nation's rivers contain enough pollution that people should limit or avoid eating fish caught there.	Sci/Tech
562	UPDATE 2-TD, Banknorth in talks on possible deal Toronto Dominion Bank (TD.TO: Quote, Profile, Research) said on Wednesday that it is in talks with US-based Banknorth Group (BNK.N: Quote, Profile, Research) about a possible deal, in line with the Canadian bank #39;s push for	Business
573	News: US cracks down on spam mountain John Ashcroft, the attorney General of the US, is expected to announce on Thursday dozens of lawsuits against alleged spammers following a low key campaign against the practise across the US.\	Sci/Tech
587	US raids Net song swappers US agents have raided the homes of five people who allegedly traded hundreds of thousands of songs, movies and other copyrighted material over the Internet, Attorney General John Ashcroft says.	Sci/Tech
590	Israeli army set to unveil stink bomb JERUSALEM: The Israeli army is set to unveil a new weapon designed to get under the noses of Palestinians - a massive stink bomb. A report in the Maariv daily on Wednesday said that the military, which has	World
602	Global server sales on the rise Sales of server systems rose 7.7 percent globally in the second quarter to \$11.55 billion as demand for Information Technology remained strong after a three year downturn, market research firm Gartner said in a statement.	Sci/Tech
603	Oil Prices Alter Direction After a month-long rally that repeatedly pushed prices to new highs, the cost of a barrel slumped for the fourth day, leaving the price \$10 higher than year-ago rate.	Business
606	Lawyer for Bush Quits Over Links to Kerry's Foes The quick resignation suggests that the Bush campaign, which has repeatedly said it has no ties to the Swift boat veterans group, is eager to put the issue behind it.	World
639	Iraq group to free 3 Indians, 4 others of Kuwait firm - TV (Reuters) Reuters - Iraqi kidnappers of seven employees of a Kuwaiti company said in a video statement on Thursday they would release the captives once their employer halted operations in Iraq, Al Arabiya television reported.	World
668	U.N. Agency Sees No Rapid Development of El Nino (Reuters) Reuters - Fears of a new El Nino, a phenomenon\that brings extreme weather patterns, are unfounded despite\unusual ocean temperatures which often herald the devastating\weather anomaly, the World Meteorological Organization said\Thursday.	Sci/Tech
676	US edge out Brazil for gold The United States beat Brazil 2-1 in extra time to win the women's Olympic football tournament.	World
725	Nepal rejects UN mediation Nepalese Prime Minister has rejected the UN offer of mediating in talks with Maoist rebels. But Sher Bahadur Deuba has not ruled out an expanded role for India to resolve the conflict in the Himalayan kingdom.	World
736	Procter amp; Gamble: A soap opera success By Davis Dyer, Frederick Dalzell. By Robert Slater. In the 1830s, William Procter, a storekeeper and candle maker, and James Gamble, a soap maker, happened to marry two sisters in Cincinnati, Olivia and Elizabeth Ann Norris.	Business
769	Short Jump, Bad Handoff End Jones #39; Games ATHENS, Greece - For Marion Jones, Sydney must seem far more than half a world away. Those Olympics were some dreamland where she ruled track and field with a golden touch and a sweet smile, winning five medals	Sports
784	US team stumbles Marion Jones, the queen of Sydney who finished those 2000 Olympics with a record five track-and-field medals, ended her next Olympics much differently Friday -- out of medals and in tears.	Sports
789	"Bea Arthur for President Bea Arthur sparked a security scare at Logan Airport in Boston this week when she tried to board a Cape Air flight with a pocketknife in her handbag. The ""Golden Girls"" star, now 81, was flagged by a Transportation Security Administration agent, who discovered the knife - a strict no-no following 9/11. ""She started yelling that it wasn't hers and said 'The terrorists put it there,' "" a fellow passenger said. ""She kept yelling about the 'terrorists, the terrorists, the terrorists.' "" After the blade was confiscated, Arthur took a keyring from her bag and told the agent it belonged to the ""terrorists,"" before throwing it at them. - via philly.com"	Sci/Tech
792	Sudanese rebels squabble with government over ceasefire violations (AFP) AFP - Sudanese rebels walked away from African Union peace talks to hold a 24-hour boycott in protest at alleged government attacks on civilians in the war-torn western province of Darfur.	World
798	Britain Edges U.S. for 400M Relay Gold (AP) AP - Stymied by a sloppy handoff in the middle of the race, the United States lost to Great Britain by a hundredth of a second Saturday night in the 400-meter relay #151; a race the American men usually dominate.	Sports
818	Sunday: A fierce battle between US forces and Shiite militants &lt;b&gt;...&lt;/b&gt; Tuesday: A Shiite insurgency appeared to be weakening as Iraqi forces moved to within 200 yards of the Imam Ali Shrine. Wednesday: Iraq #39;s top Shiite cleric returned home with a peace initiative demanding an end to the fighting in Najaf.	World
820	Australian PM calls election on Oct. 9 Australian Prime Minister John Howard on Sunday announced that the next federal election will be held on October 9. He told a press conference here that voters will decide	World
828	Five facts about France #39;s Muslim headscarf ban - The French parliament passed the law in March to ban quot;conspicuous symbols quot; of faith from its state school system. Guidelines for applying the law identified Muslim headscarves, Jewish skullcaps and large	World
832	Spilled Oil, Gas Ignite in Iraq's South Rumaila Field BASRA, Iraq (Reuters) - Oil and gas spilled during recent sabotage attacks on Iraq's southern oil pipelines ignited Sunday and firefighters battled to douse the flames.	World
853	Italian Wins Marathon... US Finishes Second Italian Stefano Baldini has won the men #39;s marathon in a time of 2:10:54. Naturalized American Meb Keflezighi was a surprise runnerup with Brazil #39;s Vanderlei Lima finishing third.	Sports
863	Ankiel solid in rehab start, unsure about future More that three years since he threw his last pitch for the St. Louis Cardinals, Ankiel gave up one unearned run and one hit in six innings Sunday for Triple-A Memphis in what could be his final start in the minors.	Sports
865	Tokyo Stocks Flat, Focus on Data TOKYO (Reuters) - Japanese stocks were flat in mid-morning trade on Monday with confidence in the domestic economic outlook failing to offset profit-taking that hit recent gainers such as insurers and real estate stocks.	Business
897	Typhoon Chaba Kills Four in Japan Powerful Typhoon Chaba has plowed into southern Japan, sweeping at least four people to their deaths and injuring more than 30 as it knocked out power to thousands.	World
921	Juniper Takes Security to Endpoints Juniper Networks (Quote, Chart) has launched a new initiative designed to improve interoperability of popular third-party antivirus and firewall measures with its own Secure Socket Layer (define) Virtual Private Network (define) appliances.	Sci/Tech
924	New Chechen Leader Vows Peace, Poll Criticized GROZNY, Russia (Reuters) - Chechnya's new leader vowed on Monday to rebuild the shattered region and crush extremists, after winning an election condemned by rights groups as a stage-managed show and by Washington as seriously flawed.	World
938	A Better Solution for Israel The hysterical tone of Daniel Seidemann #39;s plea to the next US administration to save Israel from itself serves no useful purpose op-ed, Aug. 26.	World
939	Braves Rally to Defeat Giants 7-6 (AP) AP - Even with a big lead in the NL East, the Atlanta Braves aren't taking anything for granted.	Sports
943	White Sox Edge Phillies Joe Borchard wows the crowd with the longest homer in the 14-year history of U.S. Cellular Field as the White Sox edge the Phillies 9-8.	Sports
965	"Hartford Sees \$91 Mln in Charley Losses NEW YORK (Reuters) - Hartford Financial Services Group Inc. &lt;A HREF=""http://www.investor.reuters.com/FullQuote.aspx?ticker=HIG.N target=/stocks/quickinfo/fullquote""&gt;HIG.N&lt;/A&gt; on Tuesday became the latest insurer to issue a profit warning tied to Hurricane Charley, the strongest storm to hit Florida in a dozen years."	Business
1020	D #39;Urso suspended by FA The Football Association has handed referee Andy D #39;Urso a 28-day suspension following his failure to give Barry Ferguson his marching orders against Southampton on August 21.	Sports
1053	12 nations agree to locust battle plan DAKAR, Senegal -- Residents burned tires and children took to the streets with sticks in Senegal's capital yesterday to fight an invasion of locusts, as 12 West African nations agreed on a battle plan.	World
1061	Japanese Prime Minister Inspects Four Northern Islands under &lt;b&gt;...&lt;/b&gt; On September 2, Japanese Prime Minister Junichiro Koizumi (right) inspects four northern islands that are under territorial dispute with Russia.	World
1082	UPDATE 1-Jimenez, Garcia, Donald make Langer a happy man Miguel Angel Jimenez and Sergio Garcia warmed up for this month #39;s Ryder Cup with sparkling starts at the European Masters on Thursday.	Sports
1114	The Russians are back St. Paul, Minn.Outclassed and completely humiliated by the Russians here last night, the reeling and desperate Americans are planning wholesale lineup changes to get back on track in the World Cup.	Sports
1165	Judge orders inspector to look at Hollinger dealings A Canadian judge has ordered that a court-appointed inspector be assigned to take a close look at the business dealings of Hollinger Inc, the Conrad Black-controlled company said on Friday.	Business
1175	Tom Ridge sets all-age record in winning World Trotting Derby Tom Ridge set an all-age record of 1 minute 50.2 seconds in winning the \$530,000 World Trotting Derby at the DuQuoin (Ill.) State Fair yesterday.	Sports
1180	"Pope Prays for Beslan School Dead at Italy Mass LORETO, Italy (Reuters) - Pope John Paul prayed for the victims of the ""inhumane violence"" of Russia's Beslan school tragedy as he said Mass on Sunday before 200,000 people in central Italy."	World
1202	Jets: Abraham is likely to miss 3 games Though coach Herman Edwards ruled defensive end John Abraham out for only this Sunday #39;s game against the Steelers with a sprained lateral collateral ligament in his right knee, he #39;ll be	Sports
1284	Vijay around, Tiger not yet out of woods The sun was setting when Vijay Singh, Fijian golfer of Indian origin, birdied the 18th here, and it seemed like a sign that Tiger Woods days as the worlds number one player may be fading.	Sports
1305	Survey: Surge in layoffs, hiring Challenger survey finds most job cuts in 6 months; seasonal hiring by retailers lifts new jobs. NEW YORK (CNN/Money) - Employers increased both hiring and layoff plans in August, according to a survey released Tuesday by an outplacement firm.	Business
1327	ROBBO USHERS IN NEW ERA Andy Robinson, currently the caretaker of England #39;s only World Cup holding major sports team, is the future, barring a particularly bleak autumn.	Sports
1339	"Cheney: Kerry 'Wrong Choice' for President (AP) AP - Vice President Dick Cheney said Tuesday that the nation faces the threat of another terrorist attack if voters make the ""wrong choice"" on Election Day, suggesting that Sen. John Kerry would follow a pre-Sept. 11 policy of reacting defensively."	World
1342	Marlins Streak By Mets A four-day layoff fails to cool off the Marlins, who extend their winning streak to eight games by beating the Mets, 7-3.	Sports
1355	Heineken Profit Dips But Repeats Outlook AMSTERDAM (Reuters) - Dutch brewer Heineken posted a 4.5 percent fall in core profit for the first half on Wednesday, at the low end of expectations as a weak dollar and sluggish markets hurt business.	Business
1364	Hyundai signs deal for China truck plant Hyundai Motor Co. said yesterday that it has signed an agreement with a Chinese company, Jianghuai Automobile Corp., to build a commercial vehicle and engine plant in China #39;s Anhui province.	Sci/Tech
1370	Sybase releases free Express database for Linux In a bid to expand the customer base for its database software, Sybase Inc. released on Tuesday a free, limited version of its software for deployment on Linux systems.	Sci/Tech
1381	Hampton Start Is Pushed Back Again (AP) AP - Atlanta left-hander Mike Hampton was not able to pitch for the Braves on Wednesday, still bothered by a stiff neck that kept him out of his scheduled start Monday.	Sports
1385	Martin signals new flexibility to reach health deal with provinces (Canadian Press) Canadian Press - KELOWNA, B.C. (CP) - The federal government will seek a flexible medicare-reform agreement that could include individual deals with provinces, Prime Minister Paul Martin said Wednesday.	World
1395	British Airways to shed Qantas londonBritish Airways Plc, Europe #39;s second-biggest airline, will sell its 18 per cent stake in Qantas Airways Ltd. worth 427 million or about \$980 million (Canadian) to cut debt ahead of possible acquisitions in Europe.	Business
1434	Robot eats flies to make power A ROBOT that will generate its own power by eating flies is being developed by British scientists. The idea is to produce electricity by catching flies and digesting them in special fuel cells that will break	Sci/Tech
1496	Rummenigge - parise for Bayern coach. (Getty Images) Felix Magath #39;s rigorous new training regime at Bayern Munich has been praised by club chairman Karl-Heinz Rummenigge. Magath #39;s approach had been criticised by some of his players, and Bayern have made a slow	Sports
1537	U.S. Piles Pressure on Sudan with New U.N. Measure (Reuters) Reuters - The United\States piled pressure on Sudan Wednesday to accept a more\powerful monitoring force in Darfur with a new U.N. draft\resolution threatening sanctions on its oil industry.	World
1592	Ravens Stumble to Loss Cleveland holds Jamal Lewis to just 57 yards on 20 carries and Jeff Garcia accounts for two touchdowns to lead the Browns to a 20-3 victory over the Ravens on Sunday.	Sports
1593	New Spasm of Violence Sweeps Iraq, Killing 110 BAGHDAD (Reuters) - At least 110 people were killed across Iraq on Sunday in a sharp escalation of violence that saw gun battles, car bombs and bombardments rock the capital.	World
1603	Let a Thousand Ideas Flower: China Is a New Hotbed of Research In recent years, hundreds of multinational companies have set up research laboratories in China.	Business
1609	Bullies move online Singapore - More complaints of cyberbullying are emerging from youngsters in Singapore than any other country except the United States, an international safety group said in a report on Monday.	Sci/Tech
1663	"3 Giants Contest Fines Over Team Meetings (AP) AP - Three New York Giants have filed complaints with the NFL Players Association after being fined by coach Tom Coughlin for not being ""early enough"" to team meetings."	Sports
1664	Iraqis Plead With U.S. to Return to City (AP) AP - U.S. troops barred anguished crowds from returning to their homes in the besieged city of Tal Afar on Monday as residents described corpses scattered across orchards and the collapse of essential services such as water and electricity.	World
1682	CREDIT: Canadian Press, Reuters Gretzky, executive director of Team Canada, says each player should treat tonight #39;s World Cup of Hockey championship game against Finland as quot;one of the greatest nights of their life.	Sports
1751	Labor Allies Want Senate to Block OT Rules (AP) AP - Fresh from their triumph in the House, labor allies want the Senate to derail new Bush administration overtime rules that critics say would prevent 6 million American workers from getting the bonus pay.	World
1763	OPEC Aims for 4 Pct Boost in Oil Quotas VIENNA (Reuters) - OPEC's core Gulf producers will recommend the cartel raise supply quotas by one million barrels a day, four percent, Kuwaiti Oil Minister Sheikh Ahmad al-Fahd al-Sabah said on Wednesday.	Business
1770	Study: 400K Fewer Tech Jobs Since 2001 The US information tech sector lost 403,300 jobs between March 2001 and this past April, and the market for tech workers remains bleak, according to a new report.	Business
1776	As hockey clock strikes 12, Canada reclaims World Cup The message board in Canada #39;s dressing room spoke volumes: quot;Practice canceled tomorrow, quot; it read. quot;No one else to beat.	Sports
1786	Hughes allowed to speak to Rovers The Football Association of Wales have given national boss Mark Hughes permission to speak to Blackburn over their vacant managerial post.	Sports
1790	HP Wins Defense Contract HP (Quote, Chart) was awarded a \$290 million, 10-year outsourcing contract with the Defense Logistics Agency #39;s (DLA) Enterprise Data Center (EDC) program, officials announced Wednesday.	Business
1799	OPEC Increases Oil Output The Organization of the Petroleum Exporting Countries has agreed to increase output by one million barrels a day in a move to lower oil prices.	Business
1827	Democrats Seek Louder Voice From Edwards At a time when Vice President Dick Cheney has been mocking John Kerry, John Edwards has adopted a lower-profile stance.	World
1833	IBM protects passwords with PC chip New PCs will ship with a chip designed to thwart hackers--a hardware approach that's said to be safer than software.	Sci/Tech
1836	Intel Officials Have Bleak View for Iraq WASHINGTON - The National Intelligence Council presented President Bush this summer with several pessimistic scenarios regarding the security situation in Iraq, including the possibility of a civil war there before the end of 2005. In a highly classified National Intelligence Estimate, the council looked at the political, economic and security situation in the war-torn country and determined that - at best - stability in Iraq would be tenuous, a U.S...	World
1842	Senate panel opposes overtime rules A Senate committee voted yesterday to scuttle new rules that critics say would deny overtime pay to millions of workers, as Democrats won the latest round in their election-year bout with President Bush over the issue.	Business
1843	Afghan court convicts US trio of torture KABUL, Afghanistan -- Three Americans -- led by a former Green Beret who boasted he had Pentagon support -- were found guilty yesterday of torturing Afghans in a private jail and were sentenced to prison.	World
1866	Schooling 'mix up' hits Portugal Schools across Portugal turn away pupils because of a teachers' assignment mix up on the first day of classes.	World
1879	UEFA Introduces Anti-Doping Program SOFIA (Reuters) - UEFA will enforce a new anti-doping program at all levels in and out of competition, a meeting of the European soccer body's executive committee decided Thursday.	Sports
1906	Villeneuve back in driver #39;s seat and with a point to prove Canadian Jacques Villeneuve hopes to take his revenge on former team BAR by helping Renault take second place in the Formula One championship.	Sports
1915	Hokies to Open ACC Play On Saturday, Virginia Tech finally walks into the football room of that exclusive athletic club known as the Atlantic Coast Conference.	Sports
1916	Airbus sees mobile phone use on planes by 2006 BEIJING, Sept. 17 (Xinhaunet) -- European plane maker Airbus has reported progress in plans to allow passengers to use mobile phones while in flight with a target date of 2006.	Sci/Tech
1925	US, #39;EU-three #39; agree on demand The Bush administration reached a tentative deal yesterday with three European nations at the UN nuclear watchdog agency on the next step in confronting Iran over its suspected nuclear weapons program.	World
1945	Europe Take Charge at Oakland Hills BLOOMFIELD HILLS, Michigan (Reuters) - Colin Montgomerie inspired an early charge by holders Europe as they led the United States in three of the four opening fourball matches at the 35th Ryder Cup on Friday.	Sports
1947	Butt waits on Uefa ruling Newcastle midfielder Nicky Butt is facing up to the possibility of a European three-match ban. The 29-year-old was sent off during Newcastle #39;s 2-0 Uefa Cup win against Hapoel Bnei Sakhnin for grabbing Abas Suan by the throat.	Sports
1976	Show lights up Paralympics The XII Paralympics begins in Athens, after a spectacular opening ceremony.	World
1990	Enter your e-mail: If you can #39;t beat Google, make it better--that seems to be the lesson of A9.com, Amazon #39;s intriguing new search site. For Web searches, A9 simply gives you Google #39;s results, but it does a lot more--for instance	Sci/Tech
2002	Subaru World Rally Team - Rally GB, Leg 1 Report Petter Solberg demonstrated his winning potential aboard his Subaru Impreza WRC2004 today to take three stage wins and end Leg one in second position overall.	Sports
2015	"Macaulay Culkin Released After Drug Arrest OKLAHOMA CITY - Former child star Macaulay Culkin was arrested on drug charges Friday during a traffic stop, authorities said. The 24-year-old actor, best known for his role in the ""Home Alone"" movies, was taken into custody on complaints of possession of a controlled dangerous substance without a valid prescription and possession of marijuana, according to the Oklahoma County Sheriff's office..."	World
2032	Europe Puts U.S. in Big Hole at Ryder Cup (AP) AP - Backed by the clutch performance from its English rookies and reliable play from Sergio Garcia and Lee Westwood, Europe put the United States in another huge hole Saturday by taking an 11-5 lead at the Ryder Cup and making victory Sunday seem like a mere formality.	Sports
2047	In China's changing society, psychotherapy gains acceptance BEIJING -- Step back, Confucius. Move over, Mao. Dr. Freud is making the rounds. Once vilified by the communists as a remnant of bourgeois imperialism, the practice of psychology -- and especially the Western ritual of going to a therapist -- is gaining popularity in this country of budding capitalists.	World
2048	Gordon favored in #39;chase #39; LOUDEN, NH -- Right now, things are going Jeff Gordon #39;s way. That should enhance his chances of winning a fifth NASCAR championship.	Sports
2062	VoIP becomes new option Jackson is one of the first to take advantage of Time Warner Cable #39;s new venture into Voice over Internet Provider (VoIP) telephone service here and she says it works great.	Business
2072	Busch Takes Over Kurt Busch dominates Sunday's Sylvania 300 and comes away tied with Dale Earnhardt Jr. for the lead after the first race of the new 10-race championship showdown.	Sports
2078	Bryant clinches maiden win Bart Bryant clinched his first PGA Tour title with a three-shot victory in the Texas Open in San Antonio. The 41-year-old, who shot a 60 in his third round to move into a three-stroke lead, hit a final-round 67 to hold off Patrick Sheehan.	Sports
2088	Bush video awarded Turner Prize Artist Jeremy Deller wins this year's Turner Prize for a film about US President George Bush's home town.	World
2101	'Cure' a 4-Letter Word for Cancer Doctors At a time when more people are cured of cancer than ever before, fewer doctors seem willing to say so. They call the cancer undetectable, or in remission. They tell patients they can quit seeing cancer specialists. They quote statistics and say chances are slim that the disease will come back.	Sci/Tech
2196	Ask Jeeves Search Engine Gets Slim and Personal Ask Jeeves Search Engine Gets Slim and Personal\\Ask Jeeves has introduced new changes which have totally made over the search engine which hopes to give Yahoo, MSN and Google a run for their money. The new changes at Ask.com include MyJeeves personal search, a revamped local search, and an update ...	Sci/Tech
2201	Man United Midfielder Roy Keane Charged (AP) AP - Manchester United midfielder Roy Keane was charged with assault and criminal damage Tuesday over an alleged confrontation with a 16-year-old boy.	Sports
2211	Put RSS Feeds On Your Web Page Put RSS Feeds On Your Web Page\\If you're interested in putting RSS feeds on your Web page but you don't have a lot of server/programming expertise, you might want to try the RSS Digest tool at http://www.bigbold.com/rssdigest/ . This tools has some nice extras on it, though at the moment ...	Sci/Tech
2214	Michigan regulators allow SBC to charge more for use of its &lt;b&gt;...&lt;/b&gt; State regulators unanimously voted Tuesday to allow SBC Communications Inc. to charge competitors more to use its network, but it was unclear when, or if, that increase would be felt	Business
2216	Bears Place Brown on Injured Reserve (AP) AP - The Chicago Bears placed Mike Brown on injured reserve Tuesday, one day after announcing the safety would miss the rest of the season with a torn Achilles' tendon.	Sports
2217	Academics get NSF grant for Net security centers National Science Foundation grants \$12.6 million to university scientists to study worms, viruses and the Net's ecology.	Sci/Tech
2230	Former Red left hole struggling bullpen has yet to fill Nearly six months have passed since the Reds traded Chris Reitsma to Atlanta, but Sean Casey still regrets the move. quot;You look at all the success the Braves	Sports
2233	Guilty Plea Seen in Computer Associates Case Steven Woghin, the former general counsel of Computer Associates, will plead guilty to criminal charges.	Business
2239	The upper hand: McNabb and Eagles down Vikings Breaking free: Philadelphia quarterback Donovan McNabb pushes away Minnesota cornerback Antoine Winfield before scrambling for more yards in the third quarter Monday night.	Sports
2258	PeopleSoft gets closer to IBM As the threat of a hostile takeover by Oracle rumbles on, PeopleSoft has announced a \$1bn partnership with IBM. Speaking at PeopleSoft #39;s user conference in San Francisco yesterday, the company #39;s chief executive	Business
2302	Ancelotti demands more from #39;world #39;s best defence #39; AC Milan coach Carlo Ancelotti said he expects better from his defence after the shock 2-1 home defeat to promoted Messina on Wednesday.	Sports
2327	Pro tours: The stops the talk PGA Event: 84 Lumber Classic Site: Nemacolin Woodlands Resort amp; Spa, Mystic Rock Course (7,276 yards, par 72), Farmington, Pa. Schedule: Today-Sunday. Purse: \$4.2 million. Winner's share: \$756,000. Television: ESPN (today, 3:30-6 p.m.; tomorrow, 3:50-6; Saturday, 3:30-5:30; Sunday, 3-6). Last year: J.L. Lewis closed with a course-record 62 for a two-stroke victory over Frank Lickliter, Stuart Appleby, and Tim Petrovic. ...	Sports
2328	Serena Williams, Sharapova reach quarterfinals Serena Williams struggled before finding her game Wednesday and reached the China Open quarterfinals with Wimbledon champion Maria Sharapova.	Sports
2329	Ralf ready for racing return in China Ralf Schumacher is adamant memories of his horror crash at Indianapolis three months ago will not hamper his comeback in this weekends Chinese Grand Prix.	Sports
2332	U.S. Stocks Headed for Flat Open NEW YORK (Reuters) - U.S. stocks appeared set for a modest rebound at the open on Thursday, as oil prices retreated a day after spiking to more than \$48 a barrel, a rise that fueled a sharp slide in stocks on concern that energy prices would hurt corporate profits and consumer spending.	Business
2387	Hubble heats debate over ionised universe Astronomers poring over the deepest image ever taken of the universe are coming to different conclusions about what made space transparent to light billions of years ago.	Sci/Tech
2421	Heathrow refuellers to push ahead with strike plans Aircraft refuellers at Heathrow Airport have vowed to push ahead with strike plans this weekend, potentially disrupting flights, after last-ditch pay talks collapsed, their union says.	Business
2453	England seek first one-day title against surprise package Windies LONDON: England have never won a major international limited-overs title while West Indies World Cup glory days date back to 1975 and 1979.	Sports
2456	Ichiro Makes Run at Historic Record Ichiro Suzuki, baseball #39;s sang-froid player, is racing to shatter an elusive record for hits in a single season, aiming to bring glory to himself, the Seattle Mariners and his country Japan.	Sports
2496	Robby Gordon Planning to Proceed With Caution Robby Gordon plans to join the oil spills, the tire chunks, the sharp pieces of debris and the other typical racetrack hazards on Sunday.	Sports
2572	DEBKAfile Special Analysis Before deporting him to Lebanon in 1991, the late Yitzhak Rabin called Ezz-Eldin Sheikh al-Khalil the snakes head, singling him out as the terror master who raised and handled Hamas most accomplished terror operatives, Adnan al Hool and	World
2606	Button happy with 2nd JENSON Button was happy to settle for runners-up spot despite falling agonisingly short of a maiden Formula One win for the second race in succession.	Sports
2630	No. 12 Virginia loses key defensive player Charlottesville, VA (Sports Network) - The No. 12 ranked Virginia Cavaliers will be without defensive end Chris Canty for the remainder of the season.	Sports
2637	President terms Farooqi #39;s death big achievement THE HAGUE: President General Pervez Musharraf Monday described the killing of Amjad Farooqi as big achievement by security forces and said quot;important terrorist has been eliminated.	World
2708	Hackers Target Flaw in Microsoft's JPEG NEW YORK (AP) -- In a harbinger of security threats to come, hackers have exploited a newly announced flaw in Microsoft Corp. (MSFT) programs and begun circulating malicious code hidden in images that use the popular JPEG format...	Sci/Tech
2709	News: Schwarzenegger signs bill banning paperless voting systems The Associated Press By Rachel Konrad	Sci/Tech
2759	Telecom equipment maker Agere to cut 500 employees, 7.6 of &lt;b&gt;...&lt;/b&gt; Telecommunications equipment maker Agere Systems Inc. said Wednesday it will lay off 500 employees, or 7.6 per cent of its workforce, as part of a corporate restructuring.	Business
2810	Schwarzenegger Signs 'Foie Gras' Bill (AP) AP - California will end the force feeding of ducks, geese and other birds to produce the gourmet liver product foie gras by 2012 under legislation signed Wednesday by Gov. Arnold Schwarzengger.	Sci/Tech
2822	Poor? Who #39;s poor? Poverty is down The proportion of people living on less than \$1 a day decreased from 40 to 21 per cent of the global population between 1981 and 2001, says the World Bank #39;s latest annual report.	World
2832	Dolphins won #39;t let Jets fans rankle them DAVIE Dolphins coach Dave Wannstedt promoted quarterback Jay Fiedler in hopes of providing a spark to his winless squad. Perhaps simply playing the archrival Jets will be enough to jump-start a season on the brink.	Sports
2839	Gurkhas win citizenship fight The Gurkhas who have served in the British Army have won an historic fight to be allowed to apply for British citizenship. The decision comes after a lengthy fight by the Nepalese soldiers for the right to	World
2840	Footage Shows 10 New Hostages in Iraq BAGHDAD, Iraq - The Arab news network Al-Jazeera showed video Thursday of 10 new hostages seized in Iraq by militants. Al-Jazeera said the 10 - six Iraqis, two Lebanese and two Indonesian women - were taken by The Islamic Army in Iraq...	World
2871	Born to coach For the reason, with apologies to Michael Vick, look no further than the third-youngest head coach in the NFL. James Lawrence Mora, the son, is already starting to look suspiciously like father James Earnest	Sports
2958	DOJ won't appeal Oracle ruling WASHINGTON - The U.S. Department of Justice (DOJ) will not appeal a ruling by a California judge that would allow Oracle Corp.'s proposed hostile takeover of competing software vendor PeopleSoft Inc.	Sci/Tech
2966	Europe ; Serbia calls on UN to annul appointment of Kosovo PM He (Haradinaj) is a war crimes suspect, and Serbian authorities will face numerous difficulties ... with such a person, Kostunica said.	World
2998	Angels One Win From AL West Title (AP) AP - The Anaheim Angels considered themselves a playoff team all along, even while they spent the summer playing catch up. Now they're one win away.	Sports
3021	New appointments hint Musharraf to remain COAS after Dec 31 ISLAMABAD: Military analysts have said that after the appointment of new Chairman Joint Chiefs of Staff Committee and Vice Chief of Army Staff it is clear that President General Pervez Musharraf will retain his cap of Chief of Army Staff beyond December 31	World
3024	No. 20 Wisconsin 24, Illinois 7 Tailback Anthony Davis #39; return from an eye injury sparked No. 20 Wisconsin #39;s stagnant offense and the Badgers #39; defense was as stout as ever in a 24-7 victory over Illinois on Saturday.	Sports
3032	Louisiana Tech Bulldogs RUSTON, Louisiana (Ticker) -- No. 17 Fresno State could not overcome a dominant performance by Ryan Moats or a poor one by Paul Pinegar.	Sports
3047	Ft: Birmingham 2 Newcastle 2 Newcastle almost regained the lead when Bellamy headed a corner from Robert back across goal but Elliotts close range effort was somehow kept out by a pack of Blues bodies guarding the goal-line.	Sports
3092	Els Sweats Out American Express Victory (AP) AP - Emotionally spent from a Grand Slam season of heartache, Ernie Els reasserted himself as a major force Sunday by outlasting Thomas Bjorn in a brilliantly played duel in the cold rain in the American Express Championship. He closed with a 3-under 69 for a one-shot victory and his first World Golf Championship.	Sports
3121	Top Court Upholds Visa, MasterCard Ruling WASHINGTON/NEW YORK (Reuters) - The Supreme Court on Monday let stand a ruling that the Visa and MasterCard credit card associations violated U.S. antitrust law by barring member banks from issuing credit and charge cards on rival networks owned by American Express Co. and Morgan Stanley.	Business
3125	Navy streamlines NMCI contract Officials at the Navy and contractor EDS said they have reached an agreement to revise performance measurements on the Navy Marine Corps Intranet contract, which EDS called a critical step toward billing NMCI seats on a 100 percent basis.	Sci/Tech
3164	Venezuela Seeking Arms, Perhaps MiG-29s &lt;p&gt;&lt;/p&gt;&lt;p&gt; CARACAS, Venezuela (Reuters) - Venezuela is looking to buyarms to strengthen its military capability and Russian MiG-29fighters are among the options being evaluated, a seniorofficer said on Monday.&lt;/p&gt;	World
3168	#39;Kind of a creepy thing #39;: Clues to human origins turn up in head &lt;b&gt;...&lt;/b&gt; Lice genes have been a head-scratcher for experts in human origins who now suspect that we humans picked up some parasites from our more primitive ancestors.	Sci/Tech
3172	Sex Toy Shuts Down Australian Airport A scare triggered by a vibrating sex toy shut down a major Australian regional airport for almost an hour on Monday. The vibrating object was discovered on Monday morning inside a garbage can at the terminal	World
3176	Cambodia #39;s Legislature Bars Government from Pardoning Khmer Rouge Legislators today approved laws barring the Cambodian government from pardoning Khmer Rouge suspects, one day after ratifying a landmark UN-backed plan to set up a tribunal to prosecute surviving leaders of the murderous 1970s regime.	World
3177	Small changes, big profits Staples Inc. hosted a daylong event last week for analysts who follow the company's stock, laying out plans to keep growing in the immediate future and beyond. Everyone went home smiling.	Business
3190	Lazard Meets in Paris to Discuss IPO PARIS (Reuters) - Lazard's board was meeting in Paris on Tuesday to consider a share sale that could end more than 150 years of private ownership at the largest remaining independent investment bank and buy out its founding families.	Business
3216	Vikings RB Onterrio Smith suspended Minneapolis, MN (Sports Network) - Minnesota Vikings running back Onterrio Smith, who has been suspended four games for violating the NFL #39;s substance abuse policy, will begin serving that suspension Sunday.	Sports
3262	IBM delivers Websphere 6.0 IBM on Wednesday formally announced the next major release of WebSphere, code-named Vela, which company officials see as an integral building block for both its ongoing SOA (service-oriented architecture) and On Demand strategies.	Sci/Tech
3306	Ex-Bush Official on Cybersecurity Returns (AP) AP - Howard Schmidt, a highly regarded technology executive who was former special adviser to President Bush for cybersecurity, is returning to work with the Homeland Security Department on efforts to protect the nation's computer networks.	World
3333	Blair: Time for Excuses on Africa Is Over (Reuters) Reuters - British Prime Minister\Tony Blair is to say Thursday that the time for excuses on\Africa is over as he chairs a meeting in Ethiopia he hopes will\turn the continent's problems into a global priority.	World
3336	Sports Calendar Bolton Over-30 women's soccer. The Close-To-Home soccer league is looking for female players 30 and olderver for the fall season for a team in the Bolton area. Interested candidates can expect refereed games, a friendly atmosphere, and renewal of basic skills. All levels of experience welcomed. Contact Miriam Kandansky at 781-442-0750 or through e-mail at Miriam.Kadanskysun.com for more details.	Sports
3350	New air routes to more profits Major airlines can #39;t make their low-cost competitors disappear into thin air, but they can fly away from them, which they are planning to do, to overseas routes where bargain-basement carriers don #39;t go.	Business
3351	Statement by Airbus on the US Government for formal consultations &lt;b&gt;...&lt;/b&gt; Airbus has fully supported all recent actions by the European Commission to engage with the US government in serious discussions on comprehensive new disciplines on government support.	Business
3363	UPDATE 1-S amp;P revises Poland outlook to stable from negative Standard amp; Poor #39;s Ratings Services on Thursday revised its credit ratings outlook on Poland to stable from negative supported by strength in export growth and an improvement in the country #39;s fiscal performance.	Business
3395	Opportunity Rover Stumbles Upon Rocky, Maybe Watery, Find (SPACE.com) SPACE.com - Almost by accident, NASA's Mars rover Opportunity has found a rock that may point to a second water event in the red planet's past.	Sci/Tech
3400	Elbaradei, Environmentalist Tipped for Nobel (Reuters) Reuters - Among those tipped to win the 2004 Nobel\Peace Prize on Friday are the U.N. nuclear watchdog and its\leader Mohamed ElBaradei, a Kenyan environmentalist and a\Russian anti-nuclear activist.	World
3433	U.S. Wildlife Refuges Facing Grave Threats A sweeping wildlife preserve in southwestern Arizona is among the nation's 10 most endangered refuges, due in large part to illegal drug and immigrant traffic and Border Patrol operations, a conservation group said Friday.	Sci/Tech
3502	GPS in Cell Phones Performs Well While some handheld computers have GPS capabilities, not nearly as many people carry a PDA as the legions who've adopted cell phones as a daily appendage. That's why the notion of adding GPS navigation to a cell phone, as Nextel has with a service called TeleNav, seems appealing.	Sci/Tech
3522	Rebels use late TD to top Gamecocks COLUMBIA, S.C. -- Ethan Flatt found Bill Flowers in the corner of the end zone for a 29-yard touchdown pass with 1:05 left to give Mississippi a 31-28 victory over No. 25 South Carolina yesterday.	Sports
3524	On an old road to Damascus: An ancient city finds new life DAMASCUS -- The crowd begins filling the courtyard of Opaline, a trendy restaurant, as late evening teeters toward early morning. Many arrive by golf cart, whisked through alleys to the wooden doors of a centuries-old Arab home within Old City walls.	World
3528	Two Car Bombs Kill 10 Iraqis in Baghdad BAGHDAD, Iraq - Two car bombs shook the capital in quick succession Sunday, killing at least 10 Iraqis and wounding 16, police and hospital officials said. One American soldier was hurt...	World
3531	Cambodia #39;s king wants to abdicate Cambodian King Norodom Sihanouk has announced he is too ill to continue and has confirmed he plans to abdicate. Prince Ranariddh, the king #39;s son has traveled to Beijing, where	World
3532	Firm develops all-purpose memory cards A leading Japanese electronics company is developing memory cards that can be used to make cashless payments, open locks and read identification with a simple flick.	Sci/Tech
3535	Security Concerns Shelve MSN Messenger 7 Microsoft has suspended the beta testing of the next version of its MSN Messenger client because of a potential security problem, a company spokesperson says.	Sci/Tech
3575	Singapore Shares End Lower Singapore shares ended lower Monday, hurt by below-expected third-quarter economic data that added to ongoing concerns over high oil prices and weakness on Wall Street.	Business
3597	49ers get first W, but lose Peterson for year The San Francisco 49ers finally got off the schneid on Sunday with a thrilling 31-28 overtime win over the Arizona Cardinals at Monster Park.	Sports
3627	SKorea's Samsung to invest 24 billion dollars in new chip lines (AFP) AFP - South Korea's Samsung Electronics Co., the world's largest memory chipmaker, said it would invest some 24 billion dollars in building new chip production lines over the next six years.	World
3654	Sharon Seeks Wider Government to Save Gaza Pullout Plan JERUSALEM (Reuters) - Israeli Prime Minister Ariel Sharon launched new efforts on Tuesday to widen his shaky coalition after a stinging setback in parliament that complicated his plan to withdraw from some occupied territory.	World
3697	7 U.S. Groups Ask U.N. for Vote Observers (AP) AP - Seven American activist groups asked the United Nations on Monday to provide international observers for next month's presidential election.	World
3743	Iraq's Allawi Issues Ultimatum to Falluja BAGHDAD (Reuters) - Iraq's interim prime minister warned the rebel-held city of Falluja on Wednesday it must hand over foreign militants, including America's top enemy in Iraq, or face a major operation to root them out.	World
3747	Ban for former Ahold executives Dutch retailer Ahold's former chairman and its ex-finance officer are barred from executive posts as part of a US fraud case settlement.	World
3767	Israel suspends soldier after girl shot 15 times GAZA CITY -- The Israeli army yesterday suspended a platoon commander on suspicion he emptied an ammunition clip into a 13-year-old Palestinian girl from close range after she had already collapsed under fire.	World
3783	President Hu congratulates Sihamoni on becoming king of Cambodia Chinese President Hu Jintao sent a message to Norodom Sihamoni on Thursday to congratulate him on his election as the king of Cambodia.	World
3785	Bollywood actress Nirupa Roy dies Bollywood actress Nirupa Roy dies after a heart attack at her home in Mumbai (Bombay) aged 73.	World
3796	Diesels, Hybrids Fated to Wed Two leading technologies used in fuel-efficient vehicles seem destined to unite. Industry experts say joining hybrid motors with diesel engines would result in the greenest mainstream vehicles ever, and the initial tests are promising.	Business
3829	Netflix stock plummets on buzz about Amazon.com competition LOS GATOS, Calf. Shares of mail-order DVD rental company Netflix plunged today amid buzz that Amazon-dot-com is getting into the movie rental business.	Business
3834	Sun Reports Smaller Loss and Calls It a Turnaround As it struggled to increase sales and cut costs, Sun Microsystems managed to reduce its net loss in the first quarter to \$174 million.	Sci/Tech
3857	Shoppers return in September, sales up 1.5 Shoppers were out last month, propelling sales at the nation #39;s retailers by a strong 1.5, best showing since March. The sizable gain reported by the Commerce Department on Friday came	Business
3860	Earthquake at sea gives Taiwan a jolt TAIPEI A strong earthquake in the Pacific off Taiwan rocked the island #39;s northeast on Friday, damaging buildings and injuring several people, officials said.	World
3896	Jimenez ends Langer #39;s Match Play bid Spain #39;s Miguel Angel imenez completed a 2 amp;1 victory over German Bernhard Langer in their delayed World Match Play Championship quarter-final at Wentworth on Saturday.	Sports
3905	It #39;s plain: Rain helps Red Sox Boston thinks it gained an edge &lt;b&gt;...&lt;/b&gt; Boston -- The Red Sox got their hoped-for rain on Friday, and after the deluge, things are looking up for Boston: Because of the postponement, Pedro Martinez may pitch Game 5, and in another development, 21-game winner Curt Schilling is back under	Sports
3943	Pakistan says to give extra security to Chinese Pakistan will provide extra security to the Chinese working in the country and pursue a former Guantanamo Bay inmate who masterminded the abduction of two Chinese engineers, the interior minister said on Saturday.	World
3945	Sun posts narrower quarterly loss OCTOBER 14, 2004 (REUTERS) - SAN FRANCISCO -- Sun Microsystems Inc. today posted a narrower quarterly loss as revenue rose year over year for the second consecutive quarter after three years of declines, sending shares slightly higher.	Sci/Tech
3964	Strangers in Life Join Hands in Death as the Web Becomes a Tool for Suicide in Japan About once a month since January 2002, Japan has recorded a group suicide, successful or attempted, where participants met on the Internet.	Sci/Tech
4014	"KMart Names Yum Marketing Maven as CEO NEW YORK (Reuters) - Kmart Holding Corp. &lt;A HREF=""http://www.investor.reuters.com/FullQuote.aspx?ticker=KMRT.O target=/stocks/quickinfo/fullquote""&gt;KMRT.O&lt;/A&gt; on Monday named a new president and chief executive in a move that could signal the start of a campaign to revamp the discount retailer's image."	Business
4047	Google's New PC Search Tool Poses Risks (AP) AP - People who use public or workplace computers for e-mail, instant messaging and Web searching have a new privacy risk to worry about: Google's free new tool that indexes a PC's contents for quickly locating data.	Sci/Tech
4050	He's His Own Adu Georgetown Prep defender Fro Adu is proud of brother Freddy, a forward for D.C. United, but wants to step out on his own.	Sports
4053	UK to assess Iraq troop move A reconnaissance team is to visit the area around Baghdad where UK forces could be sent to provide US back-up.	World
4074	Key Areas of Sainsbury #39;s Revival Strategy Sainsburys chief executive Justin King today unveiled his long-term plan to return the UKs third largest supermarket chain to its former glory.	Business
4114	Chirac: Europe Can Do More in Science Race (AP) AP - A European laboratory that was the birthplace of the World Wide Web and home of Nobel prize-winning developments in understanding the origins of the universe celebrated its 50th birthday Tuesday. But French President Jacques Chirac warned that despite those illustrious achievements, European scientists are falling behind.	Sci/Tech
4161	Children #39;s Place to buy Disney stores In effort to expand market share, firm says it will invest \$100M in Disney #39;s money-losing business. NEW YORK (Reuters) - Children #39;s Place Retail Stores Inc.	Business
4172	Coca-Cola Bottling #39;s 3Q Profit Drops Coca-Cola Bottling Co. Consolidated, the Coca-Cola Co. #39;s major bottler and distributor in the Southeast, said Wednesday that third-quarter profit fell as bad weather, high fuel prices and fewer promotions led to lower volume.	Business
4211	Kerry to Go Hunting for Conservative Votes (AP) AP - John Kerry planned to go hunting Thursday, showing he's a regular guy to voters who might harbor some doubts.	World
4230	Crooks slither into Net's shady nooks and crannies (USATODAY.com) USATODAY.com - Organized crime rings and petty thieves are flocking to the Internet like start-ups in the go-go '90s, establishing a multibillion-dollar underground economy in just a few years. The Internet's growth as an economic engine, particularly for financial transactions, is feeding the felonious frenzy.	Sci/Tech
4246	Nigerian Military Officers Charged with Coup Plot (Reuters) Reuters - Four Nigerian military officers and a\civilian were accused Thursday of plotting to overthrow\President Olusegun Obasanjo by firing a rocket at his\helicopter, court documents showed.	World
4284	Software giant Microsoft rings up multibillion dollar profit gain REDMOND, Washington, Oct 21 (AFP) - The world #39;s biggest software company, Microsoft Corp, said Thursday that its first quarter profits swelled to 2.9 billion dollars as consumers and businesses pumped up demand for new computers.	Business
4312	Cisco Bolsters Its Security Story The move won #39;t have raised many eyebrows. Security is a hot market in which Cisco already has a strong grip in the enterprise space, and the vendor giant has already bolstered its security portfolio through	Sci/Tech
4397	Bellhorn Makes Big Noise for Red Sox BOSTON (Reuters) - With a power-packed lineup that features sluggers like Manny Ramirez and David Ortiz, it was Mark Bellhorn who was the unlikely hero of Game One of the 100th World Series with a two-run homer for the Boston Red Sox Saturday.	Sports
4409	Powell rejects NK overture, arrives here today US Secretary of State Colin Powell arrives in Seoul today for a two-day visit, after rejecting a North Korean overture to resume the six-party nuclear talks if the US rewards it for freezing its nuclear activities.	World
4419	2 people killed in clashes in Iraq #39;s Samarra Two Iraqis were killed and four others wounded in clashes that broke out between US troops and insurgents in Samarra, north of Baghdad, police said on Sunday.	World
4438	Long and short of a rivalry that was Five years may not seem a whole lot, but consider what has happened since the last time the Green Bay Packers played the Dallas Cowboys prior to today #39;s meeting.	Sports
4450	PALMER BREAKS TOUR DUCK IN STYLE Ryan Palmer came from five shots behind with a magnificent 62 to earn his maiden PGA Tour tournament victory at the Funai Classic on Sunday.	Sports
4467	Mission accomplished: US astronauts are home at last American astronaut Mike Fincke and Russian commander Gennady Padalka descended to Earth in remote Kazakstan late Saturday aboard a Soyuz space capsule.	Sci/Tech
4468	India, Myanmar sign three accords India and Myanmar today signed three accords and agreed to step up cooperation in trade, economic and other key areas. A Cultural Exchange Programme for 2004-06 and another MOU on the Tamanthi Hydroelectric Project in Myanmar were inked.	World
4473	Stocks Seen Lower as Oil Hits New High NEW YORK (Reuters) - U.S. stock futures pointed to a lower market open on Monday, as oil prices hit another record, fueling worries that soaring energy costs will bite into corporate profits.	Business
4490	Citigroup to Close Unit in Japan Citigroup Inc. said Monday it will close its trust banking unit in Japan within a year, after Japanese authorities ordered the US financial services giant to suspend its private banking business there.	Business
4492	Danish fan falls to his death in Copenhagen stadium A 24-year-old Danish football fan died after falling from the top tier of the stands at FC Copenhagen #39;s Parken Stadium during a weekend match against Viborg, news agency Ritzau said.	Sports
4493	Invasion of the Data Snatchers (washingtonpost.com) washingtonpost.com - Think your PC is safe? Think again. A new study indicates your home computer is likely bogged down with spyware, viruses and other scourges wrought by hackers and PC pranksters. Ignorance may be bliss for some people, but for computer users, not knowing can be costly and inefficient.	Sci/Tech
4503	IBM to report on computer security threats IBM on Monday plans to begin releasing a monthly report of threats to computer networks in an effort to establish an indicator similar to the US government #39;s Homeland Security Advisory System.	Sci/Tech
4539	England held up in Zimbabwe Zimbabwe held up England #39;s charge as they battled to avert a series whitewash in the fourth one-day international in Bulawayo today.	Sports
4542	Sara Lee 1st-Quarter Net Rises on Fee (Reuters) Reuters - Sara Lee Corp. on Tuesday\posted a 53 percent increase in quarterly profit, as a fee\related to the 1999 sale of a tobacco business helped offset\higher costs for meat and cotton.	Business
4578	EU chief battles to avert veto in crunch vote (AFP) AFP - The European Union braced for a knife-edge vote to decide the fate of its new executive arm with incoming EU chief Jose Manuel Barroso hardening his stance against rebel legislators.	World
4583	Fan Death Family members of a college student killed by Boston police during a Red Sox celebration will wait for an internal investigation before deciding if they will sue the department.	Sports
4597	Cassini Heads Toward Giant Moon on Saturn (AP) AP - The U.S.-European spacecraft Cassini hurtled Tuesday toward its closest encounter yet with Saturn's giant moon Titan.	Sci/Tech
4607	Dodge denies Copps charge that Martin wanted to scrap Canada Health Act (Canadian Press) Canadian Press - OTTAWA (CP) - Add the governor of the Bank of Canada to the list of people who say Sheila Copps has a faulty memory.	World
4612	Putin praises Ukraine #39;s leader Russian President Vladimir Putin has taken part in a live phone-in on Ukrainian TV, just days before the country #39;s presidential election.	World
4637	In Asia, Powell defends N. Korea policy SEOUL -- Secretary of State Colin L. Powell yesterday sought to fend off complaints from key partners in the effort to end North Korea's nuclear programs that the Bush administration has not been sufficiently creative or willing to compromise in the negotiations.	World
4672	Vietnam Opens Bunker Used by Ho Chi Minh (AP) AP - Behind thick concrete walls and iron doors, Ho Chi Minh and other top Vietnamese leaders hid in secret underground tunnels during U.S. B-52 bombing raids to plot key military strategies that led to America's defeat in the Vietnam War.	World
4673	Stocks Up as Oil Slides NEW YORK (Reuters) - U.S. stocks jumped on Wednesday as oil prices, which have held investor enthusiasm for stocks in check for months, fell sharply after a higher-than-expected crude build last week.	Business
4722	AirTran #39;s plan may aid city If the airline acquires some ATA assets, Wichita Mid-Continent could see expanded AirTran service, especially to Chicago. BY PHYLLIS JACOBS GRIEKSPOOR.	Business
4723	Chelsea 1-0 West Ham Mateja Kezman finally broke his Chelsea goal duck with the winner against a spirited West Ham in the Carling Cup. The striker was making his 13th outing for Chelsea and he arrowed in a second half shot past keeper James Walker.	Sports
4753	Final edition for a respected Asian newsweekly HONG KONG The Far Eastern Economic Review, an often incisive newsweekly for more than half a century, will become a monthly opinion magazine in December, and virtually all of its employees will lose their jobs, Dow Jones announced on Thursday.	Business
4796	Recording Industry Sues 750 Computer Users LOS ANGELES - The recording industry on Thursday filed another round of copyright infringement lawsuits against people it said were illegally distributing songs over the Internet.	Sci/Tech
4805	Egypt names former player Shehata as caretaker coach The Egyptian Football Association (EFA) has appointed a domestic coach to take over Italian Marco Tardelli who was sacked earlier this month after a surprise defeatto Libya, a spokesman said Thursday.	Sports
4856	CSFB May Cut Costs by Merging Units, Shedding Jobs, People Say Credit Suisse First Boston, the securities arm of Switzerland #39;s second-biggest bank, plans to cut costs by combining some units and eliminating jobs, people familiar with the matter said.	Business
4864	Update 3: ADM #39;s Earnings Skyrocket; Stocks Soars Shares in agribusiness giant Archer Daniels Midland Co. soared to a 6 1/2-year high Friday, fueled by a 77 percent increase in quarterly earnings.	Business
4895	Four pay price for India defeats India have dropped wicket-keeper Parthiv Patel and batsman Yuvraj Singh for the final Test against Australia. Opening batsman Aakash Chopra and seamer Ajit Agarkar were also left out after India conceded the	Sports
4896	UPDATE 1-Beck to face Youzhny in St Petersburg final Unseeded Slovak Karol Beck reached the first final of his career at the St Petersburg Open, upsetting seventh-seeded Michael Llodra of France 6-4 2-6 6-1 on Saturday.	Sports
4903	UPDATE 1-Singh takes lead at Chrysler World number one Vijay Singh shot a four-under-par 67 on Saturday and took the lead of the Chrysler Championship after three rounds.	Sports
4914	It #39;s About Time Sox Became The Champs And Real Rivals Finally. the New York Yankees and the Boston Red Sox have a bona fide rivalry. Please don #39;t assume that this belongs on the sports pages.	Sports
4958	London Times goes strictly tabloid After more than two centuries as a broadsheet newspaper, The Times of London has gone strictly tabloid. On Monday, The Times moved to a totally compact format after almost a year of dual publication.	Sci/Tech
4962	Merck Shares Drop on Report of Documents About Vioxx Drug Merck amp; Co. shares fell as much as 7 percent to their lowest level in more than eight years after the Wall Street Journal said the drugmaker tried for years to stop safety concerns from hurting sales of its Vioxx painkiller.	Business
4983	Nokia announces Near Field Communication products With the Nokia NFC (Near Field Communication) shell on their phone, consumers will be able to access a variety of services and exchange information with a simple touch gesture.	Sci/Tech
5008	Death toll climbs in Baghdad blast A car bomb exploded outside the education ministry in central Baghdad on Tuesday, killing at least six people and wounding about eight, the interior ministry said.	World
5022	Despite struggles at plate, Boone wins Gold Glove The way Bret Boone sees it, winning a Gold Glove after a tough offensive season is a validation of the award itself. quot;There #39;s a lot of debate about the Gold Glove, quot; the Mariners second baseman said.	Sports
5046	CRICKET: Boje pulls out of tour to India South Africa #39;s vice-captain Nicky Boje has pulled out of the team to tour India next week because he has not been given any assurance by the Indian Police that he would not be arrested in connection with the 2000 match-fixing saga.	Sports
5065	NHS Signs Microsoft License Deal The British National Health Service (NHS) has signed a massive software licensing deal with Microsoft. The deal will ultimately save the NHS \$625 million in licensing fees, as well as requiring that Microsoft	Sci/Tech
5067	Quick end to US election crucial US President George W. Bush is on the verge of a re-election victory, but Democratic challenger John Kerry is not conceding defeat, at least not now.	Business
5145	Serial HIV Assault Verdict Expected Mon. (AP) AP - A verdict will be announced Monday in the trial of a man charged with intentionally exposing 17 women to HIV, a county judge said.	Sci/Tech
5202	Surrey poised to sign Harbhajan Surrey are waiting for approval from the Board of Control for Cricket in India before announcing Harbhajan Singh as an overseas signing for 2005.	Sports
5220	Hamstring Shelves Moss Vikings receiver Randy Moss will miss his first game as a pro on Monday night against the Colts with a recurring hamstring strain that requires rest.	Sports
5229	Rivers soaks up his big moment The game ball was retrieved following the Celtics #39; 107-73 victory over the Knicks last night. It will be appropriately lettered and presented to coach Doc Rivers to commemorate his first win for the club.	Sports
5249	Arafat Said to Have Liver Failure; PM to Visit PARIS (Reuters) - Yasser Arafat, critically ill in a Paris hospital, has suffered liver failure, a Palestinian official said on Sunday as Arafat's subordinates decided in his absence to enforce a law and order plan in Palestinian areas.	World
5282	Westpac delivers \$2.5b profit Westpac Bank has reported a record after-tax profit of \$2.54 billion, a 16 per cent increase on the previous year #39;s results. The bank has also announced a final dividend of 44 cents, taking the full-year dividend to 86 cents fully franked.	Business
5288	Flying taxis - quot;within five years quot; British company Avcen, designers of quot;Jetpod quot; taxi, believe they can offer a flying taxi service within 5 years. The taxi, due to undergo quot;proof of concept quot; test flights over the next 18 months, cruises to 228m with speeds of up to 350 mph (563 kph).	Sci/Tech
5317	IBM: Blue Gene Supercomputer For Sale Fresh after taking the performance crown and capping a five-year, \$100 million R amp;D effort, IBM today announced that Blue Gene is officially going on sale with a starting price of \$1.	Sci/Tech
5321	Microsoft Settles Novell Antitrust Suit (Reuters) Reuters - Microsoft Corp. said\on Monday it agreed to settle antitrust lawsuits with Novell\Inc. and an industry trade group, marking the end of a\decade-long antitrust battle.	Business
5327	OU puts exclamation point on season No apologies, no justifications, no excuses necessary. Oklahoma isn #39;t slinking into the BCS championship game through the back door this year.	Sports
5336	LCC Int #39;l Posts 3Q Profit, Shares Tumble LCC International Inc., which offers wireless voice and data technical consulting, on Monday saw shares plummet as much as 12 percent in after-hours trade after the company swung to a third-quarter profit but predicted lower revenues are ahead.	Business
5352	NBA Today (AP) AP - Indiana at Minnesota (8 p.m. EST). Last year's Eastern and Western Conference regular-season champions meet for the first of two times this season.	Sports
5380	Cocoa Price Off, Ivory Coast Shot to Bits (Reuters) Reuters - World cocoa prices rose from intraday\lows, but exports from the Ivory Coast, the key global\supplier, remain on hold after mob violence and military\clashes paralyze business in the West African country, traders\said on Tuesday.	Business
5395	Trojan horse drives spam into cell phones Infected computers send out a slew of unwanted text messages, a security firm says.	Sci/Tech
5410	PeopleSoft revises third-quarter profit Oracle target adds \$2.6 million to bottom line after tax adjustment related to ex-CEO's severance package.	Sci/Tech
5429	Kidnapped Italian freed in southern Philippines (AFP) AFP - An Italian aid worker walked free from the southern Philippines jungle, a day after he was abducted by local gunmen.	World
5440	Musharraf Hopeful For Kashmir Solution ISLAMABAD, Pakistan : Nov 10 (SADA) - President General Pervez Musharraf Tuesday hoped that debate on options he spelt out recently on Kashmir issue would take Pakistan and India closer to find out the settlement of decades-old dispute.	World
5456	Two Michigan State receivers arrested on bomb-making charges Two Michigan State football players have been charged with planting homemade bombs outside apartments. Terry Love and Irving Campbell, both 19-year-old redshirt freshmen wide receivers	Sports
5487	"Fallujah 'Hostage Slaughterhouses' Found (AP) AP - U.S. troops, on the verge of gaining control of the city, fought pockets of resistance in this former militant stronghold Wednesday and uncovered what the Iraqi commander said were ""hostage slaughterhouses"" in which foreign captives had been killed."	World
5493	Intel Doubles Dividend, Boosts Buyback by \$11.5 Bln (Update2) Intel Corp., the world #39;s biggest computer-chip maker, doubled its quarterly dividend and boosted its stock buyback program by \$11.	Business
5506	Gold Fields loses high court bid to halt Harmony takeover South African mining giant Gold Fields lost a high court bid to halt a hostile takeover by rival Harmony Gold, which is seeking to create the world #39;s biggest gold producer, a court official said.	Business
5569	Patriots Open With Win George Mason has five players score in double figures Thursday night as the Patriots defeat Indianapolis-Purdue Fort Wayne, 69-51, in the opening round of the Coaches vs. Cancer Classic.	Sports
5579	Arafat memorial important - Mbeki Describing Yasser Arafat as one of the giants of the twentieth century, SA president Thabo Mbeki said it was important for him to be at his memorial service in Cairo on Friday.	World
5591	Hit animated films boost Pixar Pixar Animation Studio reported on Thursday strong third-quarter results that were lifted by solid home video sales of its older blockbuster hits quot;Finding Nemo #39; #39; and quot;Monsters, Inc.	Business
5605	Microsoft probing reported flaws in Windows XP SP2 NOVEMBER 12, 2004 (COMPUTERWORLD) - Microsoft Corp. yesterday said it is investigating claims that several new vulnerabilities have been found in Windows XP Service Pack 2 by security firm Finjan Software Inc.	Sci/Tech
5633	Police Lose Control of Mosul Amid Uprising (AP) AP - The Iraqi government rushed reinforcements Friday to the country's third-largest city, Mosul, seeking to quell a deadly militant uprising that U.S. officials suspected may be in support of the resistance in Fallujah #151; now said to be under 80 percent U.S. control.	World
5662	HP Joins with JBoss on Server Support Hewlett-Packard Co. and open-source middleware vendor JBoss Inc. on Friday said that HP will now provide first-line support for JBoss #39; open-source Java application server.	Sci/Tech
5664	No. 6 Texas Rallies Past Kansas, 27-23 (AP) AP - Vince Young scored on an 18-yard touchdown run with 4:11 left and threw a 22-yard TD pass to Tony Jeffrey with 11 seconds remaining to rally No. 6 Texas past Kansas 27-23 Saturday.	Sports
5674	Will Hutton There were two stories last week that will have world-shaping implications. The first was in a Paris hospital and a compound in Ramallah.	Business
5690	Where have all the people gone? While media and political attention is on the threat of outsourcing, the reality is that outsourcing is a sideshow in a much larger event.	Business
5699	Beckham Could Quit England After World Cup England captain David Beckham has revealed that he is considering retiring from international football after the 2006 World Cup. The 29-year-old Real Madrid midfielder is keen to preserve his club career for	Sports
5729	ONGC, Cairn Energy decide to team up Mumbai: Oil and Natural Gas Corporation (ONGC) and Scottish oil firm Cairn Energy Ltd have decided to team up for oil exploration and production (E amp;P) in the domestic as well as international markets.	Business
5743	Iran says it will stop enriching uranium WASHINGTON -- Iran pledged yesterday to temporarily suspend its uranium enrichment program in an attempt to ease suspicions that it is trying to develop nuclear weapons. The move could defuse a longstanding showdown with the United States over Iran's nuclear activities, diplomats said.	World
5799	Timing Of Indian Move In Kashmir Vital: Pak Paper Islamabad, Nov. 16 (NNN): Pakistans leading newspaper, Dawn, finds the timing of the Indian announcement on reduction of troops in Kashmir as significance.	World
5812	China 'owns up' over mystery sub \China has expressed regret for the intrusion of one of its subs into Japanese waters last week, Tokyo says.	World
5838	Former Louisville Basketball Player Dies (AP) AP - Former University of Louisville basketball player Larry Williams has died. He was 48.	Sports
5842	Stocks Open Lower; Inflation Data Weighs NEW YORK (Reuters) - U.S. stocks opened lower on Tuesday after a government report showing a much larger-than-expected rise in U.S. producer prices in October raised inflation concerns.	Business
5865	Zurich Employees Plead Guilty in Probe NEW YORK (Reuters) - Two senior insurance underwriters at Zurich American Insurance Co. pleaded guilty on Tuesday to misdemeanors related to bid-rigging in the insurance market.	Business
5895	Science counts species on brink A list of 15,000 species threatened with extinction - many of them by human activity - is published.	Sci/Tech
5939	Explosions rock Argentine banks A blast rocks a branch of Citibank in the Argentine capital, Buenos Aires, killing a security guard, reports say.	World
5965	Fox to push Bush on migration at APEC Mexico President Vicente Fox said Wednesday he will meet with US President George W. Bush in Chile during the economic summit of Pacific Rim nations.	World
5981	India desperate for jobs, infrastructure despite economic boom (AFP) AFP - Despite India's economic boom in software and outsourcing services, economists have warned the government needs more reforms to create jobs in manufacturing to cut poverty.	World
5995	Sanpaolo and Dexia in merger talks By Reuters - November 18 2004 &lt;b&gt;...&lt;/b&gt; Italian bank Sanpaolo and Dexia, the Franco-Belgian group, confirmed they were in preliminary talks after a report that they were considering a merger to create a major cross-border lender.	Business
6004	HONDA LINKED WITH BAR TAKEOVER BAR #39;s engine partner Honda is believed to be interested in purchasing the Brackley team and a deal could be done within the next 12 months.	Sports
6015	"Broker Downgrades Sink Medtronic CHICAGO (Reuters) - Shares of Medtronic Inc. &lt;A HREF=""http://www.investor.reuters.com/FullQuote.aspx?ticker=MDT.N target=/stocks/quickinfo/fullquote""&gt;MDT.N&lt;/A&gt; on Thursday sank 7 percent to their lowest level in more than three months after the medical device maker posted weaker-than-expected growth in one of its key business units, sparking at least three broker downgrades."	Business
6025	Kiwi hits eight-year high against struggling greenback The New Zealand dollar has hit its highest level this year, propelled by a dramatic dip in the US dollar. As the greenback slumped against most global currencies, the kiwi rose to 71.02USc, its highest level for eight years.	Business
6067	Aussies battle EU over cheese, champagne AP - The United States and Australia have prevailed in an interim ruling by World Trade Organisation (WTO) in a dispute over the protection given by the European Union to its regional goods such as Champagne wine and Feta cheese, trade officials said.	Business
6074	Eichel Wants Strong Euro on G20 Agenda German Finance Minister Eichel called for the euro #39;s quot;brutal quot; rise versus the dollar to be put on the agenda of the summit of G20 countries in Berlin this weekend amid concerns the greenback #39;s slide could hit EU growth.	Business
6075	3 Egyptian soldiers killed in Israeli error JERUSALEM -- Israeli troops mistook three Egyptian police officers for Palestinian militants and shot them dead yesterday along the Gaza Strip's border with Egypt, increasing tensions between the neighbors.	World
6079	Auto suppliers feel squeeze DETROIT -- New car and truck sales rose more than two per cent during the first 10 months of 2004, but many of the companies that supply parts to the big automakers have little to celebrate -- their profits are shrinking as raw materials costs rise and	Business
6082	PeopleSoft Chief Threatens to Sue Over Oracle Statements PeopleSoft's chief executive accused Oracle of spreading misleading information about his stock sales and threatened to sue for defamation.	Sci/Tech
6087	Oram shuns Cairns comparisons Brisbane - New Zealand batting hero Jacob Oram shunned comparisons with one of his country #39;s great all-rounders Chris Cairns after he bludgeoned the Kiwis into contention against Australia here on Friday.	Sports
6098	A conspiracy theory : In the aftermath of Arafats passing AH Jaffor Ullah. Yasser Arafat, the acknowledged leader of Palestinian people, lived amidst controversy all through his life. The cause of his death has now become a source of controversy amongst the departed leaders people all over Middle East.	World
6137	No tax on Internet access until at least 2007 Consumers won #39;t have to pay a tax to log on to the Internet until at least 2007, after Congress voted Friday to renew a recently lapsed ban on Internet taxation.	Business
6171	Cavs Beat Bobcats for Sixth Win in Row (AP) AP - LeBron James scored 25 points, Jeff McInnis added a season-high 24 and the Cleveland Cavaliers won their sixth straight, 100-84 over the Charlotte Bobcats on Saturday night.	Sports
6178	Florida Upsets No. 10 Florida State 20-13 Florida State #39;s Chauncey Stovall, left, comes down with a fourth-quarter-touchdown catch as Florida defender Vernell Brown, right, falls down, Saturday, Nov. 20, 2004, in Tallahassee, Fla.	Sports
6206	Deadly fire sweeps through China mines SHAHE, CHINA - Nine people were confirmed dead and 57 remained missing late Sunday after a fire swept through five iron ore mines in northern China, the Xinhau news agency said.	World
6226	Google targets software giant SEATTLE -- Not too long ago, Google Inc. seemed little more than a pesky insect to Microsoft Corp.'s 800-pound gorilla.	Business
6259	Thomson Joins Microsoft-Time Warner Deal (AP) AP - French technology company Thomson SA said Monday it was joining Microsoft Corp. and Time Warner Inc.'s proposed venture to make anti-piracy software, a move that could relieve European Union concerns about the pending deal.	Sci/Tech
6283	Defence contractors chase \$23bn deal EUROPES biggest defence contractors will have the chance to bid for a \$23 billion (12 billion) air refuelling contract for the US Air Force that has been withdrawn from Boeing.	Business
6297	Publisher Files Copyright Suit Against Google An adult publishing company sued Google last week, alleging a dozen counts of copyright infringement. Perfect 10, a Beverly Hills, CA-based publisher of an adult-oriented magazine and Web sites, asserts that	Sci/Tech
6301	Paul McCartney To Perform at Super Bowl Following this year #39;s quot;Nipplegate quot; affair with Janet Jackson and Justin Timberlake, the organisers of half-time entertainment at the Super Bowl aren #39;t taking any chances in 2005.	Sports
6326	Three arrested after demanding money from NBA star Three men were arrested Tuesday night for trying to extort \$3 million from Denver Nuggets star Carmelo Anthony. Joubert Santos and Jason Pabon of the Bronx	Sports
6340	Bearcat qb has broken bone in throwing hand CINCINNATI University of Cincinnati quarterback Gino Guidugli (guh-DOO #39;-lee) has a broken bone in his throwing hand, and may miss Saturday #39;s game at number-seven Louisville.	Sports
6351	E-Mail And IM Get Closer ICQ, an IM service provider owned by America Online, and Mail2World Inc., a provider of messaging and collaboration services, this week revealed a free upgrade to the ICQmail service that	Sci/Tech
6356	Ohio State Bomb Dogs Irk Michigan Coach (AP) AP - The intense rivalry between Ohio State and Michigan has gone to the dogs #151; bomb-sniffing ones.	Sports
6364	Agency sustains \$2 M hit The Pennsylvania Turnpike Commission lost about \$2 million in revenue Wednesday as thousands of holiday travelers zipped through the toll booths for free.	Business
6383	Abductor kills self in Moscow region hostage freeing operation MOSCOW, November 25 (Itar-Tass) - A special task force unit freed both women who were held hostage by two armed army deserters in the Moscow region.	World
6404	NAIA Coach Nears Matching Smith's Total (AP) AP - Harry Statham thought he was making a temporary stop when he took over as McKendree College's basketball coach in 1966. His dream was to win a state high school championship, but jobs at the premier high schools were hard to come by, especially for a young coach. Statham figured if he could put a few successful seasons together at McKendree, his alma mater, he'd be able to land a better job.	Sports
6406	Probe Sought on Charges FDA Discredited Whistleblower The head of the Senate Finance Committee called on the US Department of Health and Human Services to launch a probe of allegations that the US Food and Drug Administration went out of its way to discredit a whistleblower.	Business
6442	Salvation Army says Target policy threatens fund-raising ST. PAUL - Salvation Army officials say they #39;re worried that they may not meet their holiday fund-raising goal because they won #39;t have bell-ringers outside of Target stores.	Business
6466	SmartPhones Get Smart In an attempt to become more useful, US researchers are developing new smartphone software which watches users calling and usage patterns and tries to learn how best to help.	Sci/Tech
6489	UN aid plane shot at in Ivory Coast Abidjan - A United Nations World Food Programme (WFP) plane was met with gunfire and threats when it arrived in Man, western Ivory Coast, the UN said in a statement on Saturday.	World
6535	CBI calls for cuts in spending to reduce borrowing GORDON BROWN faces a new warning today that he will have to raise taxes by 7 billion or cut swaths of government spending if Labour wins next years general election.	Business
6539	Signs of a Glut and Lower Prices on Thin TV's Dont buy that high-definition TV yet. Competition may force the prices down further.	Sci/Tech
6543	Int #39;l conference calls for mine-free world Senior officials of 143 governments are calling for the total ban of production and use of anti-personnel landmine. Senior government officials of 143 countries across the world	World
6601	Bosox strike deal with Mirabelli; Yanks, Flaherty close The Boston Red Sox have signed backup catcher Doug Mirabelli to a two-year deal worth \$3 million, making him the first of the World Series champions #39; 16 free agents to re-sign.	Sports
6671	Merrill, Wachovia, others fined for late reporting NEW YORK: The NASD yesterday said it censured and fined 29 securities firms a total of \$US9.22 (\$NZ13.04) million for failing to properly disclose required information about their brokers more than 8300 times.	Business
6707	"Stocks to Watch on Dec. 1 NEW YORK (Reuters) - U.S. stocks to watch on Wednesday: IBM CORP. &lt;A HREF=""http://www.investor.reuters.com/FullQuote.aspx?ticker=IBM.N target=/stocks/quickinfo/fullquote""&gt;IBM.N&lt;/A&gt;: The computer maker said it sealed deals worth more than \$1 billion in new work with two European companies from which the information technology company just acquired two Danish services providers."	Business
6714	NASA Cassini Image: Gazing Down at Saturn #39;s Rings Cassini pierced the ring plane and rounded Saturn on Oct. 27, 2004, capturing this view of the dark portion of the rings. A portion of the planet #39;s atmosphere is visible here, as is its shadow on the surface of the rings.	Sci/Tech
6722	India #39;s Nehra to miss Bangladesh series Left-arm seamer Ashish Nehra has been left out of India #39;s squad for this month #39;s two-test series against Bangladesh due to an abdominal strain.	Sports
6724	"Ford Sales Fall, Chrysler Posts Gain DETROIT (Reuters) - Ford Motor Co. &lt;A HREF=""http://www.investor.reuters.com/FullQuote.aspx?ticker=F.N target=/stocks/quickinfo/fullquote""&gt;F.N&lt;/A&gt; on Wednesday reported its sixth straight month of weaker vehicle sales, prompting the second-largest U.S. automaker to further cut production of cars and trucks, while Chrysler posted another sales gain."	Business
6728	Cingular Sees Merger Savings Above Plan Cingular Wireless, the nation #39;s largest wireless carrier following the company #39;s merger with AT amp;T Wireless, said Wednesday that it has completed integration activities ahead of schedule and now expects merger-related cost savings to exceed prior estimates	Business
6732	Crowton Steps Down As BYU Football Coach BYU coach Gary Crowton walks off the field after BYU #39;s 28-27 loss to Boise State, in Boise, Idaho, in this Sept. 24, 2004 photo.	Sports
6743	Gunfire Erupts During Powell Visit to Haiti PORT-AU-PRINCE, Haiti (Reuters) - Shooting erupted on Wednesday outside Haiti's presidential palace while Secretary of State Colin Powell was inside talking with the interim leaders of the violence-plagued country.	World
6801	Earth's Solar System Shaped by Brush with Star, Astronomers Say (SPACE.com) SPACE.com - The outer reaches of our solar system may have been shaped long ago by a close encounter with another star that tore up both nascent planetary systems like colliding buzz saws, astronomers said today.	Sci/Tech
6852	Former musician and Hells member sentenced to 15 months for threatening judge (Canadian Press) Canadian Press - TROIS-RIVIERES, Que. (CP) - A former Hells Angels member who played trumpet with the Quebec City Orchestra was sentenced Friday to 15 months in jail for uttering death threats against a judge.	World
6914	BBC 'must keep up' BBC boss Mark Thompson says the corporation must keep up with change, after announcing nearly 3,000 job cuts.	World
6934	Japan narrowly escapes recession New figures show Japan's economy is barely staying out of recession with annual growth of just 0.2 in the third quarter.	Business
6954	Mortgage Applications Rose Last Week NEW YORK (Reuters) - Applications for U.S. home mortgages rose last week, as mortgage rates fell, an industry group said on Wednesday.	Business
6969	Farallon to Sell \$16.3 Million in Stock Canadian mining firm Farallon Resources Ltd. on Wednesday said it agreed to privately sell about \$20 million Canadian (\$16.3 million) worth of stock to accredited investors and company insiders.	Business
7015	Disney takes sides in battle for next generation DVD (AFP) AFP - Hollywood movie powerhouse Walt Disney has taken sides with Japan's Sony Corp. in a bitter battle between studios to define a technical standard for next generation DVDs, it said.	Sci/Tech
7025	Wreckage of Navy helicopter found The wreckage of a Royal Navy helicopter, which disappeared with four crew members on board, has been found off the coast of Cornwall, the Ministry of Defence says.	World
7063	Indian parties among most corrupt in world Washington: India is among the five countries in the world where political parties are seen by the general public as the most corrupt, according to a survey released by the Transparency International (TI).	World
7074	Germany's New Reality Undercut by vastly cheaper labor in neighboring Poland and by increasing global competition, the union at Adam Opel AG acceded to a plan by General Motors Corp. to cut 12,000 jobs throughout Europe.	Business
7129	PayPal and Apple iTunes link-up Online auction house eBay #39;s payment system PayPal can now be used for purchases by US customers of Apple #39;s iTunes music store.	Sci/Tech
7135	The relief of shedding a big ball and chain: HHG sale of its &lt;b&gt;...&lt;/b&gt; which owns fund manager Henderson, - yesterday escaped a ball and chain that has dragged at it ever since it came to the stock market a year ago.	Business
7166	Barca wins again Barcelona has moved 12 points clear at the top of Spain #39;s Primera Liga thanks to a 2-1 win at Albacete. Andres Iniesta put Barca ahead after just two minutes, but when Mark Gonzalez made it 1-1 with 17 minutes	Sports
7175	Golf: Englishman Neil Cheetham leads by one in Mpumalanga England #39;s Neil Cheetham leads by one shot going into the final round of the Dunhill Classic at Leopard Creek after a solid 69 on Saturday.	Sports
7178	Qassam rockets hit western Negev community Two Qassam rockets landed in the western Negev on Saturday morning, causing damage to a home. No casualties were reported. The rocket fire originated from the northern Gaza Strip.	World
7180	Parliament passes no-confidence bid NAIROBI, Kenya -- Somalia's parliament passed a motion of no-confidence against the new prime minister and his Cabinet yesterday, an official said, effectively sacking a government that had been expected to restore order to the country after 13 years of anarchy and war. The deputy speaker of the 275-member transitional parliament, Dalhar Omar, said 153 members voted against Prime Minister ...	World
7182	Big Green slip by Wildcats Mike Lang had a career-high 25 points, including the go-ahead jumper with 1:16 remaining, to lift Dartmouth to a 69-67 nonconference victory over New Hampshire last night in Hanover, N.H. Lang's basket broke a 66-66 tie. Dartmouth (3-3) then fouled the Wildcats' Jermaine Anderson, who hit one of two free throws to make it 68-67 with 54 seconds left. A ...	Sports
7183	Klitschko wins in 8th LAS VEGAS -- If Vitali Klitschko made one thing clear last night about the heavyweight division, it's how finished Mike Tyson really is.	Sports
7200	Palestinians do not need another tyrant YASSER Arafat is dead. A so-called moderate is now chairman of the Palestine Liberation Organization. Elections to choose a Palestinian Authority president are scheduled in the West Bank and Gaza for early January.	World
7209	Important Rules for Phone Market Face F.C.C. Vote Next week, the FCC will likely change the rules on unbundled networks largely in ways favorable to the Regional bells.	Business
7224	Former Philippine presidential candidate in deteriorating &lt;b&gt;...&lt;/b&gt; The former presidential candidate and movie actor Fernando Poe Jr. #39;s condition has deteriorated after he suffered a stroke, doctors said Monday.	World
7247	NASA Chief Is Taking Off Named to head NASA by President Bush in December 2001, Sean O #39;Keefe acknowledged he had no experience in astronautics. His management style aimed at practical economy.	Sci/Tech
7257	Moves toward moderation in Mideast One month after Yasser Arafat #39;s death, realignments on both sides of the Palestinian-Israeli divide are raising fragile hopes for a mutual retreat from four years of fighting.	World
7272	Atheros reaches into electronics devices Chipmaker announces new chipset and reference design for consumer devices and PCs.	Sci/Tech
7289	Cavaliers activate Wagner again CBC SPORTS ONLINE - The Cleveland Cavaliers activated Dajuan Wagner off the injured list Monday for a second time this season. Wagner missed five games with an inflamed right arch after earlier sitting out seven games because of a sprained right ankle.	Sports
7300	Fashionably late What do women want? Luciano Manganella, the owner of the trendy Boston women's boutique JasmineSola, has a pretty good idea. And now after 34 years in business, he's plotting a major expansion.	Business
7305	Take Two Torts and Call Me in the Morning The friction that sometimes strains the patient-doctor relationship when lawyers seek medical care is at an all-time high.	Sci/Tech
7318	Manpower survey forecasts slow hiring in early 2005 Those planning to look for a job in the Kalamazoo area during the first quarter of 2005 might find the going slow. The pace of hiring among area employers is expected to be slow during the first quarter of	Business
7324	Bond game fails to shake or stir GoldenEye: Rogue Action fails to deliver on the promise of its name and struggles to generate the original's massive sense of fun.	Sci/Tech
7354	No. 13 Louisville Beats NC A T, 85-51 LOUISVILLE, Ky., (Sports Network) - Larry O'Bannon netted 25 points to lead No. 13 Louisville over North Carolina A T, 85-51, at Freedom Hall.	Sports
7373	USC right move for Majerus especially since he was so anxious to simply return to the sidelines. Remember, Majerus didn #39;t exactly leave Utah on his terms in 2004.	Sports
7374	MPAA widens piracy net Hollywood studios launched legal attacks Tuesday on the computer server operators they claim are the technological middlemen making online film theft possible.	Sci/Tech
7379	Thomas still struggling Time slips away in a hurry as Tim Thomas runs around looking to make something happen in short order. The slumping forward #39;s on a short leash at the moment and wound up watching most of last	Sports
7435	Spain coach faces racism inquiry THE Spanish football federation yesterday opened a disciplinary file against national coach Luis Aragones - but anti-racism campaigners expect him to be let off with a warning.	Sports
7482	More African troops go to Darfur Germany sends three planes to Sudan's troubled Darfur region to help deploy more African Union troops.	World
7497	HP drops Itanium development Hewlett-Packard Co. (HP) is getting out of the chip-making business. The Palo Alto, California, company on Thursday announced that it reached an agreement with Intel Corp.	Sci/Tech
7520	Yahoo Unveils Animated Shorts, Sees New Ad Space (Reuters) Reuters - Yahoo Inc. said on\Thursday that JibJab Media will create two animated short films\as the Internet company looks for ways to expand advertising by\adding new content.	Sci/Tech
7545	India hospital injections fears India's health minister tells parliament that nearly 70 of injections at government hospitals are unsafe.	World
